meeting_key,year,meeting_name,official_name,circuit_key,date_start,gmt_offset,is_testing,round
1253,2025,Pre-Season Testing,FORMULA 1 ARAMCO PRE-SEASON TESTING 2025,63,2025-02-26 09:00:00+02,03:00:00,t,
1254,2025,Australian Grand Prix,FORMULA 1 LOUIS VUITTON AUSTRALIAN GRAND PRIX 2025,10,2025-03-14 03:30:00+02,11:00:00,f,1
1255,2025,Chinese Grand Prix,FORMULA 1 HEINEKEN CHINESE GRAND PRIX 2025,49,2025-03-21 05:30:00+02,08:00:00,f,2
1256,2025,Japanese Grand Prix,FORMULA 1 LENOVO JAPANESE GRAND PRIX 2025 ,46,2025-04-04 05:30:00+03,09:00:00,f,3
1257,2025,Bahrain Grand Prix,FORMULA 1 GULF AIR BAHRAIN GRAND PRIX 2025,63,2025-04-11 14:30:00+03,03:00:00,f,4
1258,2025,Saudi Arabian Grand Prix,FORMULA 1 STC SAUDI ARABIAN GRAND PRIX 2025,149,2025-04-18 16:30:00+03,03:00:00,f,5
1259,2025,Miami Grand Prix,FORMULA 1 CRYPTO.COM MIAMI GRAND PRIX 2025,151,2025-05-02 19:30:00+03,-04:00:00,f,6
1260,2025,Emilia Romagna Grand Prix,FORMULA 1 AWS GRAN PREMIO DEL MADE IN ITALY E DELL'EMILIA-ROMAGNA 2025,6,2025-05-16 14:30:00+03,02:00:00,f,7
1261,2025,Monaco Grand Prix,FORMULA 1 TAG HEUER GRAND PRIX DE MONACO 2025,22,2025-05-23 14:30:00+03,02:00:00,f,8
1262,2025,Spanish Grand Prix,FORMULA 1 ARAMCO GRAN PREMIO DE ESPAÑA 2025,15,2025-05-30 14:30:00+03,02:00:00,f,9
1263,2025,Canadian Grand Prix,FORMULA 1 PIRELLI GRAND PRIX DU CANADA 2025,23,2025-06-13 20:30:00+03,-04:00:00,f,10
1264,2025,Austrian Grand Prix,FORMULA 1 MSC CRUISES AUSTRIAN GRAND PRIX 2025,19,2025-06-27 14:30:00+03,02:00:00,f,11
1277,2025,British Grand Prix,FORMULA 1 QATAR AIRWAYS BRITISH GRAND PRIX 2025,2,2025-07-04 14:30:00+03,01:00:00,f,12
1265,2025,Belgian Grand Prix,FORMULA 1 MOËT & CHANDON BELGIAN GRAND PRIX 2025,7,2025-07-25 13:30:00+03,02:00:00,f,13
1266,2025,Hungarian Grand Prix,FORMULA 1 LENOVO HUNGARIAN GRAND PRIX 2025,4,2025-08-01 14:30:00+03,02:00:00,f,14
1267,2025,Dutch Grand Prix,FORMULA 1 HEINEKEN DUTCH GRAND PRIX 2025,55,2025-08-29 13:30:00+03,02:00:00,f,15
1268,2025,Italian Grand Prix,FORMULA 1 PIRELLI GRAN PREMIO D’ITALIA 2025,39,2025-09-05 14:30:00+03,02:00:00,f,16
1269,2025,Azerbaijan Grand Prix,FORMULA 1 QATAR AIRWAYS AZERBAIJAN GRAND PRIX 2025,144,2025-09-19 11:30:00+03,04:00:00,f,17
1270,2025,Singapore Grand Prix,FORMULA 1 SINGAPORE AIRLINES SINGAPORE GRAND PRIX 2025,61,2025-10-03 12:30:00+03,08:00:00,f,18
1271,2025,United States Grand Prix,FORMULA 1 MSC CRUISES UNITED STATES GRAND PRIX 2025,9,2025-10-17 20:30:00+03,-05:00:00,f,19
1272,2025,Mexico City Grand Prix,FORMULA 1 GRAN PREMIO DE LA CIUDAD DE MÉXICO 2025,65,2025-10-24 21:30:00+03,-06:00:00,f,20
1273,2025,São Paulo Grand Prix,FORMULA 1 MSC CRUISES GRANDE PRÊMIO DE SÃO PAULO 2025,14,2025-11-07 16:30:00+02,-03:00:00,f,21
1274,2025,Las Vegas Grand Prix,FORMULA 1 HEINEKEN LAS VEGAS GRAND PRIX 2025,152,2025-11-21 02:30:00+02,-08:00:00,f,22
1275,2025,Qatar Grand Prix,FORMULA 1 QATAR AIRWAYS QATAR GRAND PRIX 2025,150,2025-11-28 15:30:00+02,03:00:00,f,23
1276,2025,Abu Dhabi Grand Prix,FORMULA 1 ETIHAD AIRWAYS ABU DHABI GRAND PRIX 2025,70,2025-12-05 11:30:00+02,04:00:00,f,24
1304,2026,Pre-Season Testing,FORMULA 1 ARAMCO PRE-SEASON TESTING 1 2026,63,2026-02-11 09:00:00+02,03:00:00,t,
1305,2026,Pre-Season Testing,FORMULA 1 ARAMCO PRE-SEASON TESTING 2 2026,63,2026-02-18 09:00:00+02,03:00:00,t,
1279,2026,Australian Grand Prix,FORMULA 1 QATAR AIRWAYS AUSTRALIAN GRAND PRIX 2026,10,2026-03-06 03:30:00+02,11:00:00,f,1
1280,2026,Chinese Grand Prix,FORMULA 1 HEINEKEN CHINESE GRAND PRIX 2026,49,2026-03-13 05:30:00+02,08:00:00,f,2
1281,2026,Japanese Grand Prix,FORMULA 1 ARAMCO JAPANESE GRAND PRIX 2026,46,2026-03-27 04:30:00+02,09:00:00,f,3
1282,2026,Bahrain Grand Prix,FORMULA 1 GULF AIR BAHRAIN GRAND PRIX 2026,63,2026-04-10 14:30:00+03,03:00:00,f,4
1283,2026,Saudi Arabian Grand Prix,FORMULA 1 STC SAUDI ARABIAN GRAND PRIX 2026,149,2026-04-17 16:30:00+03,03:00:00,f,5
1284,2026,Miami Grand Prix,FORMULA 1 CRYPTO.COM MIAMI GRAND PRIX 2026,151,2026-05-01 19:00:00+03,-04:00:00,f,6
1285,2026,Canadian Grand Prix,FORMULA 1 LENOVO GRAND PRIX DU CANADA 2026,23,2026-05-22 19:30:00+03,-04:00:00,f,7
1286,2026,Monaco Grand Prix,FORMULA 1 LOUIS VUITTON GRAND PRIX DE MONACO 2026,22,2026-06-05 14:30:00+03,02:00:00,f,8
1287,2026,Barcelona Grand Prix,FORMULA 1 MSC CRUISES GRAN PREMIO DE BARCELONA-CATALUNYA 2026,15,2026-06-12 14:30:00+03,02:00:00,f,9
1288,2026,Austrian Grand Prix,FORMULA 1 LENOVO AUSTRIAN GRAND PRIX 2026,19,2026-06-26 14:30:00+03,02:00:00,f,10
1289,2026,British Grand Prix,FORMULA 1 PIRELLI BRITISH GRAND PRIX 2026,2,2026-07-03 14:30:00+03,01:00:00,f,11
1290,2026,Belgian Grand Prix,FORMULA 1 MOËT & CHANDON BELGIAN GRAND PRIX 2026,7,2026-07-17 14:30:00+03,02:00:00,f,12
1291,2026,Hungarian Grand Prix,FORMULA 1 AWS HUNGARIAN GRAND PRIX 2026,4,2026-07-24 14:30:00+03,02:00:00,f,13
1292,2026,Dutch Grand Prix,FORMULA 1 HEINEKEN DUTCH GRAND PRIX 2026,55,2026-08-21 13:30:00+03,02:00:00,f,14
1293,2026,Italian Grand Prix,FORMULA 1 PIRELLI GRAN PREMIO D’ITALIA 2026,39,2026-09-04 13:30:00+03,02:00:00,f,15
1294,2026,Spanish Grand Prix,FORMULA 1 TAG HEUER GRAN PREMIO DE ESPAÑA 2026,153,2026-09-11 14:30:00+03,02:00:00,f,16
1295,2026,Azerbaijan Grand Prix,FORMULA 1 QATAR AIRWAYS AZERBAIJAN GRAND PRIX 2026,144,2026-09-24 11:30:00+03,04:00:00,f,17
1308,2026,Bahrain Grand Prix,FORMULA 1 GULF AIR BAHRAIN GRAND PRIX IN MALAYSIA 2026,12,2026-10-02 07:30:00+03,08:00:00,f,18
1296,2026,Singapore Grand Prix,FORMULA 1 SINGAPORE AIRLINES SINGAPORE GRAND PRIX 2026,61,2026-10-09 11:30:00+03,08:00:00,f,19
1297,2026,United States Grand Prix,FORMULA 1 MSC CRUISES UNITED STATES GRAND PRIX 2026,9,2026-10-23 20:30:00+03,-05:00:00,f,20
1298,2026,Mexico City Grand Prix,FORMULA 1 GRAN PREMIO DE LA CIUDAD DE MÉXICO 2026,65,2026-10-30 20:30:00+02,-06:00:00,f,21
1299,2026,São Paulo Grand Prix,FORMULA 1 MSC CRUISES GRANDE PRÊMIO DE SÃO PAULO 2026,14,2026-11-06 17:30:00+02,-03:00:00,f,22
1300,2026,Las Vegas Grand Prix,FORMULA 1 HEINEKEN LAS VEGAS GRAND PRIX 2026,152,2026-11-20 02:30:00+02,-08:00:00,f,23
1301,2026,Qatar Grand Prix,FORMULA 1 QATAR AIRWAYS QATAR GRAND PRIX 2026,150,2026-11-27 15:30:00+02,03:00:00,f,24
1302,2026,Abu Dhabi Grand Prix,FORMULA 1 ETIHAD AIRWAYS ABU DHABI GRAND PRIX 2026,70,2026-12-04 11:30:00+02,04:00:00,f,25
