session_key,driver_number,driver_id,team_id
9683,1,1,1
9683,4,2,2
9683,5,3,3
9683,6,4,4
9683,7,5,5
9683,10,6,5
9683,12,7,6
9683,14,8,7
9683,16,9,8
9683,18,10,7
9683,22,11,4
9683,23,12,9
9683,27,13,3
9683,30,14,1
9683,31,15,10
9683,44,16,8
9683,55,17,9
9683,63,18,6
9683,81,19,2
9683,87,20,10
9684,4,2,2
9684,5,3,3
9684,6,4,4
9684,7,5,5
9684,10,6,5
9684,12,7,6
9684,14,8,7
9684,16,9,8
9684,18,10,7
9684,22,11,4
9684,27,13,3
9684,30,14,1
9684,31,15,10
9684,44,16,8
9684,55,17,9
9684,63,18,6
9684,81,19,2
9684,87,20,10
9685,1,1,1
9685,4,2,2
9685,5,3,3
9685,6,4,4
9685,7,5,5
9685,10,6,5
9685,12,7,6
9685,14,8,7
9685,16,9,8
9685,18,10,7
9685,22,11,4
9685,23,12,9
9685,27,13,3
9685,31,15,10
9685,44,16,8
9685,63,18,6
9685,81,19,2
9685,87,20,10
9686,1,1,1
9686,4,2,2
9686,5,3,3
9686,6,4,4
9686,7,5,5
9686,10,6,5
9686,12,7,6
9686,14,8,7
9686,16,9,8
9686,18,10,7
9686,22,11,4
9686,23,12,9
9686,27,13,3
9686,30,14,1
9686,31,15,10
9686,44,16,8
9686,55,17,9
9686,63,18,6
9686,81,19,2
9686,87,20,10
9687,1,1,1
9687,4,2,2
9687,5,3,3
9687,6,4,4
9687,7,5,5
9687,10,6,5
9687,12,7,6
9687,14,8,7
9687,16,9,8
9687,18,10,7
9687,22,11,4
9687,23,12,9
9687,27,13,3
9687,30,14,1
9687,31,15,10
9687,44,16,8
9687,55,17,9
9687,63,18,6
9687,81,19,2
9687,87,20,10
9688,1,1,1
9688,4,2,2
9688,5,3,3
9688,6,4,4
9688,7,5,5
9688,10,6,5
9688,12,7,6
9688,14,8,7
9688,16,9,8
9688,18,10,7
9688,22,11,4
9688,23,12,9
9688,27,13,3
9688,30,14,1
9688,31,15,10
9688,44,16,8
9688,55,17,9
9688,63,18,6
9688,81,19,2
9688,87,20,10
9689,1,1,1
9689,4,2,2
9689,5,3,3
9689,6,4,4
9689,7,5,5
9689,10,6,5
9689,12,7,6
9689,14,8,7
9689,16,9,8
9689,18,10,7
9689,22,11,4
9689,23,12,9
9689,27,13,3
9689,30,14,1
9689,31,15,10
9689,44,16,8
9689,55,17,9
9689,63,18,6
9689,81,19,2
9689,87,20,10
9693,1,1,1
9693,4,2,2
9693,5,3,3
9693,6,4,4
9693,7,5,5
9693,10,6,5
9693,12,7,6
9693,14,8,7
9693,16,9,8
9693,18,10,7
9693,22,11,4
9693,23,12,9
9693,27,13,3
9693,30,14,1
9693,31,15,10
9693,44,16,8
9693,55,17,9
9693,63,18,6
9693,81,19,2
9693,87,20,10
9832,1,1,1
9832,4,2,2
9832,5,3,3
9832,6,4,4
9832,12,7,6
9832,16,9,8
9832,27,13,3
9832,34,35,7
9832,35,31,7
9832,36,28,1
9832,39,36,8
9832,40,22,4
9832,43,29,5
9832,46,24,9
9832,50,25,10
9832,55,17,9
9832,61,32,5
9832,63,18,6
9832,87,20,10
9832,89,37,2
9833,1,1,1
9833,4,2,2
9833,5,3,3
9833,6,4,4
9833,10,6,5
9833,12,7,6
9833,14,8,7
9833,16,9,8
9833,18,10,7
9833,22,11,1
9833,23,12,9
9833,27,13,3
9833,30,14,4
9833,31,15,10
9833,43,29,5
9833,44,16,8
9833,55,17,9
9833,63,18,6
9833,81,19,2
9833,87,20,10
9834,1,1,1
9834,4,2,2
9834,5,3,3
9834,6,4,4
9834,10,6,5
9834,12,7,6
9834,14,8,7
9834,16,9,8
9834,18,10,7
9834,22,11,1
9834,23,12,9
9834,27,13,3
9834,30,14,4
9834,31,15,10
9834,43,29,5
9834,44,16,8
9834,55,17,9
9834,63,18,6
9834,81,19,2
9834,87,20,10
9835,1,1,1
9835,4,2,2
9835,5,3,3
9835,6,4,4
9835,10,6,5
9835,12,7,6
9835,14,8,7
9835,16,9,8
9835,18,10,7
9835,22,11,1
9835,23,12,9
9835,27,13,3
9835,30,14,4
9835,31,15,10
9835,43,29,5
9835,44,16,8
9835,55,17,9
9835,63,18,6
9835,81,19,2
9835,87,20,10
9839,1,1,1
9839,4,2,2
9839,5,3,3
9839,6,4,4
9839,10,6,5
9839,12,7,6
9839,14,8,7
9839,16,9,8
9839,18,10,7
9839,22,11,1
9839,23,12,9
9839,27,13,3
9839,30,14,4
9839,31,15,10
9839,43,29,5
9839,44,16,8
9839,55,17,9
9839,63,18,6
9839,81,19,2
9839,87,20,10
9840,1,1,1
9840,4,2,2
9840,5,3,3
9840,6,4,4
9840,10,6,5
9840,12,7,6
9840,14,8,7
9840,16,9,8
9840,18,10,7
9840,22,11,1
9840,23,12,9
9840,27,13,3
9840,30,14,4
9840,31,15,10
9840,43,29,5
9840,44,16,8
9840,55,17,9
9840,63,18,6
9840,81,19,2
9840,87,20,10
9841,1,1,1
9841,4,2,2
9841,5,3,3
9841,6,4,4
9841,10,6,5
9841,12,7,6
9841,14,8,7
9841,16,9,8
9841,18,10,7
9841,22,11,1
9841,23,12,9
9841,27,13,3
9841,30,14,4
9841,31,15,10
9841,43,29,5
9841,44,16,8
9841,55,17,9
9841,63,18,6
9841,81,19,2
9841,87,20,10
9845,1,1,1
9845,4,2,2
9845,5,3,3
9845,6,4,4
9845,10,6,5
9845,12,7,6
9845,14,8,7
9845,16,9,8
9845,18,10,7
9845,22,11,1
9845,23,12,9
9845,27,13,3
9845,30,14,4
9845,31,15,10
9845,43,29,5
9845,44,16,8
9845,55,17,9
9845,63,18,6
9845,81,19,2
9845,87,20,10
9846,1,1,1
9846,4,2,2
9846,5,3,3
9846,6,4,4
9846,10,6,5
9846,12,7,6
9846,14,8,7
9846,16,9,8
9846,18,10,7
9846,22,11,1
9846,23,12,9
9846,27,13,3
9846,30,14,4
9846,31,15,10
9846,43,29,5
9846,44,16,8
9846,55,17,9
9846,63,18,6
9846,81,19,2
9846,87,20,10
9850,1,1,1
9850,4,2,2
9850,5,3,3
9850,6,4,4
9850,10,6,5
9850,12,7,6
9850,14,8,7
9850,16,9,8
9850,18,10,7
9850,22,11,1
9850,23,12,9
9850,27,13,3
9850,30,14,4
9850,31,15,10
9850,43,29,5
9850,44,16,8
9850,55,17,9
9850,63,18,6
9850,81,19,2
9850,87,20,10
9851,1,1,1
9851,4,2,2
9851,5,3,3
9851,6,4,4
9851,10,6,5
9851,12,7,6
9851,14,8,7
9851,16,9,8
9851,18,10,7
9851,22,11,1
9851,23,12,9
9851,27,13,3
9851,30,14,4
9851,31,15,10
9851,43,29,5
9851,44,16,8
9851,55,17,9
9851,63,18,6
9851,81,19,2
9851,87,20,10
9852,1,1,1
9852,4,2,2
9852,5,3,3
9852,6,4,4
9852,10,6,5
9852,12,7,6
9852,14,8,7
9852,16,9,8
9852,18,10,7
9852,22,11,1
9852,23,12,9
9852,27,13,3
9852,30,14,4
9852,31,15,10
9852,43,29,5
9852,44,16,8
9852,55,17,9
9852,63,18,6
9852,81,19,2
9852,87,20,10
9853,1,1,1
9853,4,2,2
9853,5,3,3
9853,6,4,4
9853,10,6,5
9853,12,7,6
9853,14,8,7
9853,16,9,8
9853,18,10,7
9853,22,11,1
9853,23,12,9
9853,27,13,3
9853,30,14,4
9853,31,15,10
9853,43,29,5
9853,44,16,8
9853,55,17,9
9853,63,18,6
9853,81,19,2
9853,87,20,10
9854,1,1,1
9854,4,2,2
9854,5,3,3
9854,6,4,4
9854,10,6,5
9854,12,7,6
9854,14,8,7
9854,16,9,8
9854,18,10,7
9854,22,11,1
9854,23,12,9
9854,27,13,3
9854,30,14,4
9854,31,15,10
9854,43,29,5
9854,44,16,8
9854,55,17,9
9854,63,18,6
9854,81,19,2
9854,87,20,10
9858,1,1,1
9858,4,2,2
9858,5,3,3
9858,6,4,4
9858,10,6,5
9858,12,7,6
9858,14,8,7
9858,16,9,8
9858,18,10,7
9858,22,11,1
9858,23,12,9
9858,27,13,3
9858,30,14,4
9858,31,15,10
9858,43,29,5
9858,44,16,8
9858,55,17,9
9858,63,18,6
9858,81,19,2
9858,87,20,10
9859,1,1,1
9859,4,2,2
9859,5,3,3
9859,6,4,4
9859,10,6,5
9859,12,7,6
9859,14,8,7
9859,16,9,8
9859,18,10,7
9859,22,11,1
9859,23,12,9
9859,27,13,3
9859,30,14,4
9859,31,15,10
9859,43,29,5
9859,44,16,8
9859,55,17,9
9859,63,18,6
9859,81,19,2
9859,87,20,10
9860,1,1,1
9860,4,2,2
9860,5,3,3
9860,6,4,4
9860,10,6,5
9860,12,7,6
9860,14,8,7
9860,16,9,8
9860,18,10,7
9860,22,11,1
9860,23,12,9
9860,27,13,3
9860,30,14,4
9860,31,15,10
9860,43,29,5
9860,44,16,8
9860,55,17,9
9860,63,18,6
9860,81,19,2
9860,87,20,10
9864,1,1,1
9864,4,2,2
9864,5,3,3
9864,6,4,4
9864,10,6,5
9864,12,7,6
9864,14,8,7
9864,16,9,8
9864,18,10,7
9864,22,11,1
9864,23,12,9
9864,27,13,3
9864,30,14,4
9864,31,15,10
9864,43,29,5
9864,44,16,8
9864,55,17,9
9864,63,18,6
9864,81,19,2
9864,87,20,10
9865,1,1,1
9865,4,2,2
9865,5,3,3
9865,6,4,4
9865,10,6,5
9865,12,7,6
9865,14,8,7
9865,16,9,8
9865,18,10,7
9865,22,11,1
9865,23,12,9
9865,27,13,3
9865,30,14,4
9865,31,15,10
9865,43,29,5
9865,44,16,8
9865,55,17,9
9865,63,18,6
9865,81,19,2
9865,87,20,10
9869,1,1,1
9869,4,2,2
9869,5,3,3
9869,6,4,4
9869,10,6,5
9869,12,7,6
9869,14,8,7
9869,16,9,8
9869,18,10,7
9869,22,11,1
9869,23,12,9
9869,27,13,3
9869,30,14,4
9869,31,15,10
9869,43,29,5
9869,44,16,8
9869,55,17,9
9869,63,18,6
9869,81,19,2
9869,87,20,10
9870,5,3,3
9870,6,4,4
9870,12,7,6
9870,14,8,7
9870,16,9,8
9870,22,11,1
9870,23,12,9
9870,27,13,3
9870,31,15,10
9870,35,31,7
9870,36,28,1
9870,38,38,8
9870,40,22,4
9870,43,29,5
9870,46,24,9
9870,50,25,10
9870,61,32,5
9870,72,26,6
9870,81,19,2
9870,89,37,2
9871,1,1,1
9871,4,2,2
9871,5,3,3
9871,6,4,4
9871,10,6,5
9871,12,7,6
9871,14,8,7
9871,16,9,8
9871,18,10,7
9871,22,11,1
9871,23,12,9
9871,27,13,3
9871,30,14,4
9871,31,15,10
9871,43,29,5
9871,44,16,8
9871,55,17,9
9871,63,18,6
9871,81,19,2
9871,87,20,10
9872,1,1,1
9872,4,2,2
9872,5,3,3
9872,6,4,4
9872,10,6,5
9872,12,7,6
9872,14,8,7
9872,16,9,8
9872,18,10,7
9872,22,11,1
9872,23,12,9
9872,27,13,3
9872,30,14,4
9872,31,15,10
9872,43,29,5
9872,44,16,8
9872,55,17,9
9872,63,18,6
9872,81,19,2
9872,87,20,10
9873,1,1,1
9873,4,2,2
9873,5,3,3
9873,6,4,4
9873,10,6,5
9873,12,7,6
9873,14,8,7
9873,16,9,8
9873,18,10,7
9873,22,11,1
9873,23,12,9
9873,27,13,3
9873,30,14,4
9873,31,15,10
9873,43,29,5
9873,44,16,8
9873,55,17,9
9873,63,18,6
9873,81,19,2
9873,87,20,10
9877,1,1,1
9877,4,2,2
9877,5,3,3
9877,6,4,4
9877,10,6,5
9877,12,7,6
9877,14,8,7
9877,16,9,8
9877,18,10,7
9877,22,11,1
9877,23,12,9
9877,27,13,3
9877,30,14,4
9877,31,15,10
9877,43,29,5
9877,44,16,8
9877,55,17,9
9877,63,18,6
9877,81,19,2
9877,87,20,10
9878,1,1,1
9878,4,2,2
9878,5,3,3
9878,6,4,4
9878,10,6,5
9878,12,7,6
9878,14,8,7
9878,16,9,8
9878,18,10,7
9878,22,11,1
9878,23,12,9
9878,27,13,3
9878,30,14,4
9878,31,15,10
9878,43,29,5
9878,44,16,8
9878,55,17,9
9878,63,18,6
9878,81,19,2
9878,87,20,10
9879,1,1,1
9879,4,2,2
9879,5,3,3
9879,6,4,4
9879,10,6,5
9879,12,7,6
9879,14,8,7
9879,16,9,8
9879,18,10,7
9879,22,11,1
9879,23,12,9
9879,27,13,3
9879,30,14,4
9879,31,15,10
9879,43,29,5
9879,44,16,8
9879,55,17,9
9879,63,18,6
9879,81,19,2
9879,87,20,10
9883,1,1,1
9883,4,2,2
9883,5,3,3
9883,6,4,4
9883,10,6,5
9883,12,7,6
9883,14,8,7
9883,16,9,8
9883,18,10,7
9883,22,11,1
9883,23,12,9
9883,27,13,3
9883,30,14,4
9883,31,15,10
9883,43,29,5
9883,44,16,8
9883,55,17,9
9883,63,18,6
9883,81,19,2
9883,87,20,10
9884,1,1,1
9884,4,2,2
9884,5,3,3
9884,6,4,4
9884,10,6,5
9884,12,7,6
9884,14,8,7
9884,16,9,8
9884,18,10,7
9884,22,11,1
9884,23,12,9
9884,27,13,3
9884,30,14,4
9884,31,15,10
9884,43,29,5
9884,44,16,8
9884,55,17,9
9884,63,18,6
9884,81,19,2
9884,87,20,10
9888,1,1,1
9888,4,2,2
9888,5,3,3
9888,6,4,4
9888,10,6,5
9888,12,7,6
9888,14,8,7
9888,16,9,8
9888,18,10,7
9888,22,11,1
9888,23,12,9
9888,27,13,3
9888,30,14,4
9888,31,15,10
9888,43,29,5
9888,44,16,8
9888,55,17,9
9888,63,18,6
9888,81,19,2
9888,87,20,10
9889,1,1,1
9889,4,2,2
9889,5,3,3
9889,6,4,4
9889,10,6,5
9889,12,7,6
9889,14,8,7
9889,16,9,8
9889,18,10,7
9889,22,11,1
9889,23,12,9
9889,27,13,3
9889,30,14,4
9889,31,15,10
9889,43,29,5
9889,44,16,8
9889,55,17,9
9889,63,18,6
9889,81,19,2
9889,87,20,10
9890,1,1,1
9890,4,2,2
9890,5,3,3
9890,6,4,4
9890,10,6,5
9890,12,7,6
9890,14,8,7
9890,16,9,8
9890,18,10,7
9890,22,11,1
9890,23,12,9
9890,27,13,3
9890,30,14,4
9890,31,15,10
9890,43,29,5
9890,44,16,8
9890,55,17,9
9890,63,18,6
9890,81,19,2
9890,87,20,10
9891,1,1,1
9891,4,2,2
9891,5,3,3
9891,6,4,4
9891,10,6,5
9891,12,7,6
9891,14,8,7
9891,16,9,8
9891,18,10,7
9891,22,11,1
9891,23,12,9
9891,27,13,3
9891,30,14,4
9891,31,15,10
9891,43,29,5
9891,44,16,8
9891,55,17,9
9891,63,18,6
9891,81,19,2
9891,87,20,10
9892,1,1,1
9892,4,2,2
9892,5,3,3
9892,6,4,4
9892,10,6,5
9892,12,7,6
9892,14,8,7
9892,16,9,8
9892,18,10,7
9892,22,11,1
9892,23,12,9
9892,27,13,3
9892,30,14,4
9892,31,15,10
9892,43,29,5
9892,44,16,8
9892,55,17,9
9892,63,18,6
9892,81,19,2
9892,87,20,10
9896,1,1,1
9896,4,2,2
9896,5,3,3
9896,6,4,4
9896,10,6,5
9896,12,7,6
9896,14,8,7
9896,16,9,8
9896,18,10,7
9896,22,11,1
9896,23,12,9
9896,27,13,3
9896,30,14,4
9896,31,15,10
9896,43,29,5
9896,44,16,8
9896,55,17,9
9896,63,18,6
9896,81,19,2
9896,87,20,10
9897,1,1,1
9897,4,2,2
9897,5,3,3
9897,6,4,4
9897,10,6,5
9897,12,7,6
9897,14,8,7
9897,16,9,8
9897,18,10,7
9897,22,11,1
9897,23,12,9
9897,27,13,3
9897,30,14,4
9897,31,15,10
9897,43,29,5
9897,44,16,8
9897,55,17,9
9897,63,18,6
9897,81,19,2
9897,87,20,10
9898,1,1,1
9898,4,2,2
9898,5,3,3
9898,6,4,4
9898,10,6,5
9898,12,7,6
9898,14,8,7
9898,16,9,8
9898,18,10,7
9898,22,11,1
9898,23,12,9
9898,27,13,3
9898,30,14,4
9898,31,15,10
9898,43,29,5
9898,44,16,8
9898,55,17,9
9898,63,18,6
9898,81,19,2
9898,87,20,10
9899,1,1,1
9899,4,2,2
9899,5,3,3
9899,6,4,4
9899,10,6,5
9899,12,7,6
9899,14,8,7
9899,16,9,8
9899,18,10,7
9899,22,11,1
9899,23,12,9
9899,27,13,3
9899,30,14,4
9899,31,15,10
9899,43,29,5
9899,44,16,8
9899,55,17,9
9899,63,18,6
9899,81,19,2
9899,87,20,10
9900,1,1,1
9900,4,2,2
9900,5,3,3
9900,6,4,4
9900,10,6,5
9900,12,7,6
9900,14,8,7
9900,16,9,8
9900,18,10,7
9900,22,11,1
9900,23,12,9
9900,27,13,3
9900,30,14,4
9900,31,15,10
9900,43,29,5
9900,44,16,8
9900,55,17,9
9900,63,18,6
9900,81,19,2
9900,87,20,10
9904,1,1,1
9904,4,2,2
9904,5,3,3
9904,6,4,4
9904,10,6,5
9904,12,7,6
9904,14,8,7
9904,16,9,8
9904,18,10,7
9904,22,11,1
9904,23,12,9
9904,27,13,3
9904,30,14,4
9904,31,15,10
9904,43,29,5
9904,44,16,8
9904,55,17,9
9904,63,18,6
9904,81,19,2
9904,87,20,10
9905,1,1,1
9905,4,2,2
9905,5,3,3
9905,6,4,4
9905,10,6,5
9905,12,7,6
9905,14,8,7
9905,16,9,8
9905,18,10,7
9905,22,11,1
9905,23,12,9
9905,27,13,3
9905,30,14,4
9905,31,15,10
9905,44,16,8
9905,55,17,9
9905,61,32,5
9905,63,18,6
9905,87,20,10
9905,89,39,2
9906,1,1,1
9906,4,2,2
9906,5,3,3
9906,6,4,4
9906,10,6,5
9906,12,7,6
9906,14,8,7
9906,16,9,8
9906,18,10,7
9906,22,11,1
9906,23,12,9
9906,27,13,3
9906,30,14,4
9906,31,15,10
9906,43,29,5
9906,44,16,8
9906,55,17,9
9906,63,18,6
9906,81,19,2
9906,87,20,10
9907,1,1,1
9907,4,2,2
9907,5,3,3
9907,6,4,4
9907,10,6,5
9907,12,7,6
9907,14,8,7
9907,16,9,8
9907,18,10,7
9907,22,11,1
9907,23,12,9
9907,27,13,3
9907,30,14,4
9907,31,15,10
9907,43,29,5
9907,44,16,8
9907,55,17,9
9907,63,18,6
9907,81,19,2
9907,87,20,10
9908,1,1,1
9908,4,2,2
9908,5,3,3
9908,6,4,4
9908,10,6,5
9908,12,7,6
9908,14,8,7
9908,16,9,8
9908,18,10,7
9908,22,11,1
9908,23,12,9
9908,27,13,3
9908,30,14,4
9908,31,15,10
9908,43,29,5
9908,44,16,8
9908,55,17,9
9908,63,18,6
9908,81,19,2
9908,87,20,10
9912,1,1,1
9912,4,2,2
9912,5,3,3
9912,6,4,4
9912,10,6,5
9912,12,7,6
9912,14,8,7
9912,16,9,8
9912,18,10,7
9912,22,11,1
9912,23,12,9
9912,27,13,3
9912,30,14,4
9912,31,15,10
9912,43,29,5
9912,44,16,8
9912,55,17,9
9912,63,18,6
9912,81,19,2
9912,87,20,10
9913,1,1,1
9913,4,2,2
9913,5,3,3
9913,6,4,4
9913,10,6,5
9913,12,7,6
9913,14,8,7
9913,16,9,8
9913,18,10,7
9913,22,11,1
9913,23,12,9
9913,27,13,3
9913,30,14,4
9913,31,15,10
9913,43,29,5
9913,44,16,8
9913,55,17,9
9913,63,18,6
9913,81,19,2
9913,87,20,10
9914,1,1,1
9914,4,2,2
9914,5,3,3
9914,6,4,4
9914,10,6,5
9914,12,7,6
9914,14,8,7
9914,16,9,8
9914,18,10,7
9914,22,11,1
9914,23,12,9
9914,27,13,3
9914,30,14,4
9914,31,15,10
9914,43,29,5
9914,44,16,8
9914,55,17,9
9914,63,18,6
9914,81,19,2
9914,87,20,10
9915,1,1,1
9915,4,2,2
9915,5,3,3
9915,6,4,4
9915,10,6,5
9915,12,7,6
9915,14,8,7
9915,16,9,8
9915,18,10,7
9915,22,11,1
9915,23,12,9
9915,27,13,3
9915,30,14,4
9915,31,15,10
9915,43,29,5
9915,44,16,8
9915,55,17,9
9915,63,18,6
9915,81,19,2
9915,87,20,10
9916,1,1,1
9916,4,2,2
9916,5,3,3
9916,6,4,4
9916,10,6,5
9916,12,7,6
9916,14,8,7
9916,16,9,8
9916,18,10,7
9916,22,11,1
9916,23,12,9
9916,27,13,3
9916,30,14,4
9916,31,15,10
9916,43,29,5
9916,44,16,8
9916,55,17,9
9916,63,18,6
9916,81,19,2
9916,87,20,10
9920,1,1,1
9920,4,2,2
9920,5,3,3
9920,6,4,4
9920,10,6,5
9920,12,7,6
9920,14,8,7
9920,16,9,8
9920,18,10,7
9920,22,11,1
9920,23,12,9
9920,27,13,3
9920,30,14,4
9920,31,15,10
9920,43,29,5
9920,44,16,8
9920,55,17,9
9920,63,18,6
9920,81,19,2
9920,87,20,10
9921,1,1,1
9921,4,2,2
9921,5,3,3
9921,6,4,4
9921,10,6,5
9921,12,7,6
9921,16,9,8
9921,18,10,7
9921,22,11,1
9921,23,12,9
9921,30,14,4
9921,31,15,10
9921,34,21,7
9921,43,29,5
9921,44,16,8
9921,55,17,9
9921,63,18,6
9921,81,19,2
9921,87,20,10
9921,97,32,3
9922,1,1,1
9922,4,2,2
9922,5,3,3
9922,6,4,4
9922,10,6,5
9922,12,7,6
9922,14,8,7
9922,16,9,8
9922,18,10,7
9922,22,11,1
9922,23,12,9
9922,27,13,3
9922,30,14,4
9922,31,15,10
9922,43,29,5
9922,44,16,8
9922,55,17,9
9922,63,18,6
9922,81,19,2
9922,87,20,10
9923,1,1,1
9923,4,2,2
9923,5,3,3
9923,6,4,4
9923,10,6,5
9923,12,7,6
9923,14,8,7
9923,16,9,8
9923,18,10,7
9923,22,11,1
9923,23,12,9
9923,27,13,3
9923,30,14,4
9923,31,15,10
9923,43,29,5
9923,44,16,8
9923,55,17,9
9923,63,18,6
9923,81,19,2
9923,87,20,10
9924,1,1,1
9924,4,2,2
9924,5,3,3
9924,6,4,4
9924,10,6,5
9924,12,7,6
9924,14,8,7
9924,16,9,8
9924,18,10,7
9924,22,11,1
9924,23,12,9
9924,27,13,3
9924,30,14,4
9924,31,15,10
9924,43,29,5
9924,44,16,8
9924,55,17,9
9924,63,18,6
9924,81,19,2
9924,87,20,10
9928,1,1,1
9928,4,2,2
9928,5,3,3
9928,6,4,4
9928,10,6,5
9928,12,7,6
9928,14,8,7
9928,16,9,8
9928,18,10,7
9928,22,11,1
9928,23,12,9
9928,27,13,3
9928,30,14,4
9928,31,15,10
9928,43,29,5
9928,44,16,8
9928,55,17,9
9928,63,18,6
9928,81,19,2
9928,87,20,10
9929,1,1,1
9929,4,2,2
9929,5,3,3
9929,6,4,4
9929,10,6,5
9929,12,7,6
9929,14,8,7
9929,16,9,8
9929,18,10,7
9929,22,11,1
9929,23,12,9
9929,27,13,3
9929,30,14,4
9929,31,15,10
9929,43,29,5
9929,44,16,8
9929,55,17,9
9929,63,18,6
9929,81,19,2
9929,87,20,10
9930,1,1,1
9930,4,2,2
9930,5,3,3
9930,6,4,4
9930,10,6,5
9930,12,7,6
9930,14,8,7
9930,16,9,8
9930,18,10,7
9930,22,11,1
9930,23,12,9
9930,27,13,3
9930,30,14,4
9930,31,15,10
9930,43,29,5
9930,44,16,8
9930,55,17,9
9930,63,18,6
9930,81,19,2
9930,87,20,10
9934,1,1,1
9934,4,2,2
9934,5,3,3
9934,6,4,4
9934,10,6,5
9934,12,7,6
9934,14,8,7
9934,16,9,8
9934,18,10,7
9934,22,11,1
9934,23,12,9
9934,27,13,3
9934,30,14,4
9934,31,15,10
9934,43,29,5
9934,44,16,8
9934,55,17,9
9934,63,18,6
9934,81,19,2
9934,87,20,10
9935,1,1,1
9935,4,2,2
9935,5,3,3
9935,6,4,4
9935,10,6,5
9935,12,7,6
9935,14,8,7
9935,16,9,8
9935,18,10,7
9935,22,11,1
9935,23,12,9
9935,27,13,3
9935,30,14,4
9935,31,15,10
9935,43,29,5
9935,44,16,8
9935,55,17,9
9935,63,18,6
9935,81,19,2
9935,87,20,10
9939,1,1,1
9939,4,2,2
9939,5,3,3
9939,6,4,4
9939,10,6,5
9939,12,7,6
9939,14,8,7
9939,16,9,8
9939,18,10,7
9939,22,11,1
9939,23,12,9
9939,27,13,3
9939,30,14,4
9939,31,15,10
9939,43,29,5
9939,44,16,8
9939,55,17,9
9939,63,18,6
9939,81,19,2
9939,87,20,10
9940,1,1,1
9940,4,2,2
9940,5,3,3
9940,6,4,4
9940,10,6,5
9940,12,7,6
9940,14,8,7
9940,16,9,8
9940,18,10,7
9940,23,12,9
9940,30,14,4
9940,31,15,10
9940,36,28,1
9940,43,29,5
9940,44,16,8
9940,55,17,9
9940,63,18,6
9940,81,19,2
9940,87,20,10
9940,97,32,3
9941,1,1,1
9941,4,2,2
9941,5,3,3
9941,6,4,4
9941,10,6,5
9941,12,7,6
9941,14,8,7
9941,16,9,8
9941,18,10,7
9941,22,11,1
9941,23,12,9
9941,27,13,3
9941,30,14,4
9941,31,15,10
9941,43,29,5
9941,44,16,8
9941,55,17,9
9941,63,18,6
9941,81,19,2
9941,87,20,10
9942,1,1,1
9942,4,2,2
9942,5,3,3
9942,6,4,4
9942,10,6,5
9942,12,7,6
9942,14,8,7
9942,16,9,8
9942,18,10,7
9942,22,11,1
9942,23,12,9
9942,27,13,3
9942,30,14,4
9942,31,15,10
9942,43,29,5
9942,44,16,8
9942,55,17,9
9942,63,18,6
9942,81,19,2
9942,87,20,10
9943,1,1,1
9943,4,2,2
9943,5,3,3
9943,6,4,4
9943,10,6,5
9943,12,7,6
9943,14,8,7
9943,16,9,8
9943,18,10,7
9943,22,11,1
9943,23,12,9
9943,27,13,3
9943,30,14,4
9943,31,15,10
9943,43,29,5
9943,44,16,8
9943,55,17,9
9943,63,18,6
9943,81,19,2
9943,87,20,10
9947,1,1,1
9947,4,2,2
9947,5,3,3
9947,6,4,4
9947,10,6,5
9947,12,7,6
9947,14,8,7
9947,16,9,8
9947,18,10,7
9947,22,11,1
9947,23,12,9
9947,27,13,3
9947,30,14,4
9947,31,15,10
9947,43,29,5
9947,44,16,8
9947,55,17,9
9947,63,18,6
9947,81,19,2
9947,87,20,10
9948,1,1,1
9948,5,3,3
9948,6,4,4
9948,10,6,5
9948,12,7,6
9948,14,8,7
9948,18,10,7
9948,22,11,1
9948,23,12,9
9948,27,13,3
9948,30,14,4
9948,31,15,10
9948,38,23,8
9948,43,29,5
9948,44,16,8
9948,55,17,9
9948,63,18,6
9948,81,19,2
9948,87,20,10
9948,89,39,2
9949,1,1,1
9949,4,2,2
9949,5,3,3
9949,6,4,4
9949,10,6,5
9949,12,7,6
9949,14,8,7
9949,16,9,8
9949,18,10,7
9949,22,11,1
9949,23,12,9
9949,27,13,3
9949,30,14,4
9949,31,15,10
9949,43,29,5
9949,44,16,8
9949,55,17,9
9949,63,18,6
9949,81,19,2
9949,87,20,10
9950,1,1,1
9950,4,2,2
9950,5,3,3
9950,6,4,4
9950,10,6,5
9950,12,7,6
9950,14,8,7
9950,16,9,8
9950,18,10,7
9950,22,11,1
9950,23,12,9
9950,27,13,3
9950,30,14,4
9950,31,15,10
9950,43,29,5
9950,44,16,8
9950,55,17,9
9950,63,18,6
9950,81,19,2
9950,87,20,10
9951,1,1,1
9951,4,2,2
9951,5,3,3
9951,6,4,4
9951,10,6,5
9951,12,7,6
9951,14,8,7
9951,16,9,8
9951,18,10,7
9951,22,11,1
9951,23,12,9
9951,27,13,3
9951,30,14,4
9951,31,15,10
9951,43,29,5
9951,44,16,8
9951,55,17,9
9951,63,18,6
9951,81,19,2
9951,87,20,10
9955,1,1,1
9955,4,2,2
9955,5,3,3
9955,6,4,4
9955,10,6,5
9955,12,7,6
9955,14,8,7
9955,16,9,8
9955,18,10,7
9955,22,11,1
9955,23,12,9
9955,27,13,3
9955,30,14,4
9955,31,15,10
9955,43,29,5
9955,44,16,8
9955,55,17,9
9955,63,18,6
9955,81,19,2
9955,87,20,10
9956,1,1,1
9956,4,2,2
9956,5,3,3
9956,6,4,4
9956,10,6,5
9956,12,7,6
9956,14,8,7
9956,16,9,8
9956,18,10,7
9956,22,11,1
9956,23,12,9
9956,27,13,3
9956,30,14,4
9956,31,15,10
9956,43,29,5
9956,44,16,8
9956,55,17,9
9956,63,18,6
9956,81,19,2
9956,87,20,10
9957,1,1,1
9957,4,2,2
9957,5,3,3
9957,6,4,4
9957,10,6,5
9957,12,7,6
9957,14,8,7
9957,16,9,8
9957,18,10,7
9957,22,11,1
9957,23,12,9
9957,27,13,3
9957,30,14,4
9957,31,15,10
9957,43,29,5
9957,44,16,8
9957,55,17,9
9957,63,18,6
9957,81,19,2
9957,87,20,10
9958,1,1,1
9958,4,2,2
9958,5,3,3
9958,6,4,4
9958,10,6,5
9958,12,7,6
9958,14,8,7
9958,16,9,8
9958,18,10,7
9958,22,11,1
9958,23,12,9
9958,27,13,3
9958,30,14,4
9958,31,15,10
9958,43,29,5
9958,44,16,8
9958,55,17,9
9958,63,18,6
9958,81,19,2
9958,87,20,10
9959,1,1,1
9959,4,2,2
9959,5,3,3
9959,6,4,4
9959,10,6,5
9959,12,7,6
9959,14,8,7
9959,16,9,8
9959,18,10,7
9959,22,11,1
9959,23,12,9
9959,27,13,3
9959,30,14,4
9959,31,15,10
9959,43,29,5
9959,44,16,8
9959,55,17,9
9959,63,18,6
9959,81,19,2
9959,87,20,10
9963,1,1,1
9963,4,2,2
9963,5,3,3
9963,6,4,4
9963,10,6,5
9963,12,7,6
9963,14,8,7
9963,16,9,8
9963,18,10,7
9963,22,11,1
9963,23,12,9
9963,27,13,3
9963,30,14,4
9963,31,15,10
9963,43,29,5
9963,44,16,8
9963,55,17,9
9963,63,18,6
9963,81,19,2
9963,87,20,10
9964,1,1,1
9964,4,2,2
9964,5,3,3
9964,6,4,4
9964,10,6,5
9964,12,7,6
9964,14,8,7
9964,16,9,8
9964,18,10,7
9964,22,11,1
9964,27,13,3
9964,30,14,4
9964,43,29,5
9964,44,16,8
9964,45,40,9
9964,50,25,10
9964,55,17,9
9964,63,18,6
9964,81,19,2
9964,87,20,10
9965,1,1,1
9965,4,2,2
9965,5,3,3
9965,6,4,4
9965,10,6,5
9965,12,7,6
9965,14,8,7
9965,16,9,8
9965,18,10,7
9965,22,11,1
9965,23,12,9
9965,27,13,3
9965,30,14,4
9965,31,15,10
9965,43,29,5
9965,44,16,8
9965,55,17,9
9965,63,18,6
9965,81,19,2
9965,87,20,10
9966,1,1,1
9966,4,2,2
9966,5,3,3
9966,6,4,4
9966,10,6,5
9966,12,7,6
9966,14,8,7
9966,16,9,8
9966,18,10,7
9966,22,11,1
9966,23,12,9
9966,27,13,3
9966,30,14,4
9966,31,15,10
9966,43,29,5
9966,44,16,8
9966,55,17,9
9966,63,18,6
9966,81,19,2
9966,87,20,10
9967,1,1,1
9967,4,2,2
9967,5,3,3
9967,6,4,4
9967,10,6,5
9967,12,7,6
9967,14,8,7
9967,16,9,8
9967,18,10,7
9967,22,11,1
9967,23,12,9
9967,27,13,3
9967,30,14,4
9967,31,15,10
9967,43,29,5
9967,44,16,8
9967,55,17,9
9967,63,18,6
9967,81,19,2
9967,87,20,10
9971,1,1,1
9971,4,2,2
9971,5,3,3
9971,6,4,4
9971,10,6,5
9971,12,7,6
9971,14,8,7
9971,16,9,8
9971,22,11,1
9971,23,12,9
9971,27,13,3
9971,30,14,4
9971,31,15,10
9971,43,29,5
9971,44,16,8
9971,55,17,9
9971,63,18,6
9971,81,19,2
9971,87,20,10
9972,1,1,1
9972,4,2,2
9972,5,3,3
9972,6,4,4
9972,10,6,5
9972,12,7,6
9972,14,8,7
9972,16,9,8
9972,18,10,7
9972,22,11,1
9972,23,12,9
9972,27,13,3
9972,30,14,4
9972,31,15,10
9972,43,29,5
9972,44,16,8
9972,55,17,9
9972,63,18,6
9972,81,19,2
9972,87,20,10
9973,1,1,1
9973,4,2,2
9973,5,3,3
9973,6,4,4
9973,10,6,5
9973,12,7,6
9973,14,8,7
9973,16,9,8
9973,18,10,7
9973,22,11,1
9973,23,12,9
9973,27,13,3
9973,30,14,4
9973,31,15,10
9973,43,29,5
9973,44,16,8
9973,55,17,9
9973,63,18,6
9973,81,19,2
9973,87,20,10
9974,1,1,1
9974,4,2,2
9974,5,3,3
9974,6,4,4
9974,10,6,5
9974,12,7,6
9974,14,8,7
9974,16,9,8
9974,18,10,7
9974,22,11,1
9974,23,12,9
9974,27,13,3
9974,30,14,4
9974,31,15,10
9974,43,29,5
9974,44,16,8
9974,55,17,9
9974,63,18,6
9974,81,19,2
9974,87,20,10
9975,1,1,1
9975,4,2,2
9975,5,3,3
9975,6,4,4
9975,10,6,5
9975,12,7,6
9975,14,8,7
9975,16,9,8
9975,18,10,7
9975,22,11,1
9975,23,12,9
9975,27,13,3
9975,30,14,4
9975,31,15,10
9975,43,29,5
9975,44,16,8
9975,55,17,9
9975,63,18,6
9975,81,19,2
9975,87,20,10
9979,1,1,1
9979,4,2,2
9979,5,3,3
9979,6,4,4
9979,10,6,5
9979,12,7,6
9979,14,8,7
9979,16,9,8
9979,18,10,7
9979,22,11,1
9979,23,12,9
9979,27,13,3
9979,30,14,4
9979,31,15,10
9979,43,29,5
9979,44,16,8
9979,55,17,9
9979,63,18,6
9979,81,19,2
9979,87,20,10
9980,1,1,1
9980,4,2,2
9980,5,3,3
9980,6,4,4
9980,10,6,5
9980,12,7,6
9980,14,8,7
9980,16,9,8
9980,18,10,7
9980,22,11,1
9980,23,12,9
9980,27,13,3
9980,30,14,4
9980,31,15,10
9980,43,29,5
9980,44,16,8
9980,55,17,9
9980,63,18,6
9980,81,19,2
9980,87,20,10
9981,1,1,1
9981,4,2,2
9981,5,3,3
9981,6,4,4
9981,10,6,5
9981,12,7,6
9981,14,8,7
9981,16,9,8
9981,18,10,7
9981,22,11,1
9981,23,12,9
9981,27,13,3
9981,30,14,4
9981,31,15,10
9981,43,29,5
9981,44,16,8
9981,55,17,9
9981,63,18,6
9981,81,19,2
9981,87,20,10
9982,1,1,1
9982,4,2,2
9982,5,3,3
9982,6,4,4
9982,10,6,5
9982,12,7,6
9982,14,8,7
9982,16,9,8
9982,18,10,7
9982,22,11,1
9982,23,12,9
9982,27,13,3
9982,30,14,4
9982,31,15,10
9982,43,29,5
9982,44,16,8
9982,55,17,9
9982,63,18,6
9982,81,19,2
9982,87,20,10
9983,1,1,1
9983,4,2,2
9983,5,3,3
9983,6,4,4
9983,10,6,5
9983,12,7,6
9983,14,8,7
9983,16,9,8
9983,18,10,7
9983,22,11,1
9983,23,12,9
9983,27,13,3
9983,30,14,4
9983,31,15,10
9983,43,29,5
9983,44,16,8
9983,55,17,9
9983,63,18,6
9983,81,19,2
9983,87,20,10
9987,1,1,1
9987,4,2,2
9987,5,3,3
9987,6,4,4
9987,10,6,5
9987,12,7,6
9987,14,8,7
9987,16,9,8
9987,18,10,7
9987,22,11,1
9987,23,12,9
9987,27,13,3
9987,30,14,4
9987,31,15,10
9987,43,29,5
9987,44,16,8
9987,55,17,9
9987,63,18,6
9987,81,19,2
9987,87,20,10
9988,1,1,1
9988,4,2,2
9988,5,3,3
9988,6,4,4
9988,7,5,5
9988,10,6,5
9988,12,7,6
9988,14,8,7
9988,16,9,8
9988,18,10,7
9988,22,11,4
9988,23,12,9
9988,27,13,3
9988,30,14,1
9988,31,15,10
9988,44,16,8
9988,55,17,9
9988,63,18,6
9988,81,19,2
9988,87,20,10
9989,1,1,1
9989,4,2,2
9989,5,3,3
9989,6,4,4
9989,7,5,5
9989,10,6,5
9989,12,7,6
9989,14,8,7
9989,16,9,8
9989,18,10,7
9989,22,11,4
9989,23,12,9
9989,27,13,3
9989,30,14,1
9989,31,15,10
9989,44,16,8
9989,55,17,9
9989,63,18,6
9989,81,19,2
9989,87,20,10
9993,1,1,1
9993,4,2,2
9993,5,3,3
9993,6,4,4
9993,7,5,5
9993,10,6,5
9993,12,7,6
9993,14,8,7
9993,16,9,8
9993,18,10,7
9993,22,11,4
9993,23,12,9
9993,27,13,3
9993,30,14,1
9993,31,15,10
9993,44,16,8
9993,55,17,9
9993,63,18,6
9993,81,19,2
9993,87,20,10
9994,1,1,1
9994,4,2,2
9994,5,3,3
9994,6,4,4
9994,7,5,5
9994,10,6,5
9994,12,7,6
9994,14,8,7
9994,16,9,8
9994,18,10,7
9994,22,11,4
9994,23,12,9
9994,27,13,3
9994,30,14,1
9994,31,15,10
9994,44,16,8
9994,55,17,9
9994,63,18,6
9994,81,19,2
9994,87,20,10
9998,1,1,1
9998,4,2,2
9998,5,3,3
9998,6,4,4
9998,7,5,5
9998,10,6,5
9998,12,7,6
9998,14,8,7
9998,16,9,8
9998,18,10,7
9998,22,11,4
9998,23,12,9
9998,27,13,3
9998,30,14,1
9998,31,15,10
9998,44,16,8
9998,55,17,9
9998,63,18,6
9998,81,19,2
9998,87,20,10
9999,1,1,1
9999,4,2,2
9999,5,3,3
9999,6,4,4
9999,10,6,5
9999,12,7,6
9999,14,8,7
9999,16,9,8
9999,18,10,7
9999,22,11,1
9999,23,12,9
9999,27,13,3
9999,30,14,4
9999,31,15,10
9999,44,16,8
9999,55,17,9
9999,62,25,5
9999,63,18,6
9999,81,19,2
9999,87,20,10
10000,1,1,1
10000,4,2,2
10000,5,3,3
10000,6,4,4
10000,7,5,5
10000,10,6,5
10000,12,7,6
10000,14,8,7
10000,16,9,8
10000,18,10,7
10000,22,11,1
10000,23,12,9
10000,27,13,3
10000,30,14,4
10000,31,15,10
10000,44,16,8
10000,55,17,9
10000,63,18,6
10000,81,19,2
10000,87,20,10
10001,1,1,1
10001,4,2,2
10001,5,3,3
10001,6,4,4
10001,7,5,5
10001,10,6,5
10001,12,7,6
10001,14,8,7
10001,16,9,8
10001,18,10,7
10001,22,11,1
10001,23,12,9
10001,27,13,3
10001,30,14,4
10001,31,15,10
10001,44,16,8
10001,55,17,9
10001,63,18,6
10001,81,19,2
10001,87,20,10
10002,1,1,1
10002,4,2,2
10002,5,3,3
10002,6,4,4
10002,7,5,5
10002,10,6,5
10002,12,7,6
10002,14,8,7
10002,16,9,8
10002,18,10,7
10002,22,11,1
10002,23,12,9
10002,27,13,3
10002,30,14,4
10002,31,15,10
10002,44,16,8
10002,55,17,9
10002,63,18,6
10002,81,19,2
10002,87,20,10
10006,1,1,1
10006,4,2,2
10006,5,3,3
10006,6,4,4
10006,7,5,5
10006,10,6,5
10006,12,7,6
10006,14,8,7
10006,16,9,8
10006,18,10,7
10006,22,11,1
10006,23,12,9
10006,27,13,3
10006,30,14,4
10006,31,15,10
10006,44,16,8
10006,55,17,9
10006,63,18,6
10006,81,19,2
10006,87,20,10
10007,4,2,2
10007,5,3,3
10007,6,4,4
10007,7,5,5
10007,10,6,5
10007,12,7,6
10007,18,10,7
10007,22,11,1
10007,23,12,9
10007,27,13,3
10007,30,14,4
10007,31,15,10
10007,34,21,7
10007,37,22,1
10007,38,23,8
10007,44,16,8
10007,46,24,9
10007,50,25,10
10007,72,26,6
10007,81,19,2
10008,1,1,1
10008,4,2,2
10008,5,3,3
10008,6,4,4
10008,7,5,5
10008,10,6,5
10008,12,7,6
10008,14,8,7
10008,16,9,8
10008,18,10,7
10008,22,11,1
10008,23,12,9
10008,27,13,3
10008,30,14,4
10008,31,15,10
10008,44,16,8
10008,55,17,9
10008,63,18,6
10008,81,19,2
10008,87,20,10
10009,1,1,1
10009,4,2,2
10009,5,3,3
10009,6,4,4
10009,7,5,5
10009,10,6,5
10009,12,7,6
10009,14,8,7
10009,16,9,8
10009,18,10,7
10009,22,11,1
10009,23,12,9
10009,27,13,3
10009,30,14,4
10009,31,15,10
10009,44,16,8
10009,55,17,9
10009,63,18,6
10009,81,19,2
10009,87,20,10
10010,1,1,1
10010,4,2,2
10010,5,3,3
10010,6,4,4
10010,7,5,5
10010,10,6,5
10010,12,7,6
10010,14,8,7
10010,16,9,8
10010,18,10,7
10010,22,11,1
10010,23,12,9
10010,27,13,3
10010,30,14,4
10010,31,15,10
10010,44,16,8
10010,55,17,9
10010,63,18,6
10010,81,19,2
10010,87,20,10
10014,1,1,1
10014,4,2,2
10014,5,3,3
10014,6,4,4
10014,7,5,5
10014,10,6,5
10014,12,7,6
10014,14,8,7
10014,16,9,8
10014,18,10,7
10014,22,11,1
10014,23,12,9
10014,27,13,3
10014,30,14,4
10014,31,15,10
10014,44,16,8
10014,55,17,9
10014,63,18,6
10014,81,19,2
10014,87,20,10
10015,1,1,1
10015,4,2,2
10015,5,3,3
10015,6,4,4
10015,7,5,5
10015,10,6,5
10015,12,7,6
10015,14,8,7
10015,16,9,8
10015,18,10,7
10015,22,11,1
10015,23,12,9
10015,27,13,3
10015,30,14,4
10015,31,15,10
10015,44,16,8
10015,55,17,9
10015,63,18,6
10015,81,19,2
10015,87,20,10
10016,1,1,1
10016,4,2,2
10016,5,3,3
10016,6,4,4
10016,7,5,5
10016,10,6,5
10016,12,7,6
10016,14,8,7
10016,16,9,8
10016,18,10,7
10016,22,11,1
10016,23,12,9
10016,27,13,3
10016,30,14,4
10016,31,15,10
10016,44,16,8
10016,55,17,9
10016,63,18,6
10016,81,19,2
10016,87,20,10
10017,1,1,1
10017,4,2,2
10017,5,3,3
10017,6,4,4
10017,7,5,5
10017,10,6,5
10017,12,7,6
10017,14,8,7
10017,16,9,8
10017,18,10,7
10017,22,11,1
10017,23,12,9
10017,27,13,3
10017,30,14,4
10017,31,15,10
10017,44,16,8
10017,55,17,9
10017,63,18,6
10017,81,19,2
10017,87,20,10
10018,1,1,1
10018,4,2,2
10018,5,3,3
10018,6,4,4
10018,7,5,5
10018,10,6,5
10018,12,7,6
10018,14,8,7
10018,16,9,8
10018,18,10,7
10018,22,11,1
10018,23,12,9
10018,27,13,3
10018,30,14,4
10018,31,15,10
10018,44,16,8
10018,55,17,9
10018,63,18,6
10018,81,19,2
10018,87,20,10
10022,1,1,1
10022,4,2,2
10022,5,3,3
10022,6,4,4
10022,7,5,5
10022,10,6,5
10022,12,7,6
10022,14,8,7
10022,16,9,8
10022,18,10,7
10022,22,11,1
10022,23,12,9
10022,27,13,3
10022,30,14,4
10022,31,15,10
10022,44,16,8
10022,55,17,9
10022,63,18,6
10022,81,19,2
10022,87,20,10
10023,1,1,1
10023,4,2,2
10023,5,3,3
10023,6,4,4
10023,7,5,5
10023,10,6,5
10023,12,7,6
10023,14,8,7
10023,16,9,8
10023,18,10,7
10023,22,11,1
10023,23,12,9
10023,27,13,3
10023,30,14,4
10023,31,15,10
10023,44,16,8
10023,55,17,9
10023,63,18,6
10023,81,19,2
10023,87,20,10
10024,1,1,1
10024,4,2,2
10024,5,3,3
10024,6,4,4
10024,7,5,5
10024,10,6,5
10024,12,7,6
10024,14,8,7
10024,16,9,8
10024,18,10,7
10024,22,11,1
10024,23,12,9
10024,27,13,3
10024,30,14,4
10024,31,15,10
10024,44,16,8
10024,55,17,9
10024,63,18,6
10024,81,19,2
10024,87,20,10
10028,1,1,1
10028,4,2,2
10028,5,3,3
10028,6,4,4
10028,7,5,5
10028,10,6,5
10028,12,7,6
10028,14,8,7
10028,16,9,8
10028,18,10,7
10028,22,11,1
10028,23,12,9
10028,27,13,3
10028,30,14,4
10028,31,15,10
10028,44,16,8
10028,55,17,9
10028,63,18,6
10028,81,19,2
10028,87,20,10
10029,1,1,1
10029,4,2,2
10029,5,3,3
10029,6,4,4
10029,7,5,5
10029,10,6,5
10029,12,7,6
10029,14,8,7
10029,16,9,8
10029,18,10,7
10029,22,11,1
10029,23,12,9
10029,27,13,3
10029,30,14,4
10029,31,15,10
10029,44,16,8
10029,55,17,9
10029,63,18,6
10029,81,19,2
10029,87,20,10
10033,1,1,1
10033,4,2,2
10033,5,3,3
10033,6,4,4
10033,7,5,5
10033,10,6,5
10033,12,7,6
10033,14,8,7
10033,16,9,8
10033,18,10,7
10033,22,11,1
10033,23,12,9
10033,27,13,3
10033,30,14,4
10033,31,15,10
10033,44,16,8
10033,55,17,9
10033,63,18,6
10033,81,19,2
10033,87,20,10
11227,1,2,2
11227,3,1,1
11227,5,3,11
11227,6,4,1
11227,10,6,5
11227,11,27,12
11227,12,7,6
11227,14,8,7
11227,16,9,8
11227,18,10,7
11227,23,12,9
11227,27,13,11
11227,30,14,4
11227,31,15,10
11227,41,28,4
11227,43,29,5
11227,44,16,8
11227,55,17,9
11227,63,18,6
11227,77,30,12
11227,81,19,2
11227,87,20,10
11228,1,2,2
11228,3,1,1
11228,5,3,11
11228,6,4,1
11228,10,6,5
11228,11,27,12
11228,12,7,6
11228,14,8,7
11228,16,9,8
11228,18,10,7
11228,23,12,9
11228,27,13,11
11228,30,14,4
11228,31,15,10
11228,41,28,4
11228,43,29,5
11228,44,16,8
11228,55,17,9
11228,63,18,6
11228,77,30,12
11228,81,19,2
11228,87,20,10
11229,1,2,2
11229,3,1,1
11229,5,3,11
11229,6,4,1
11229,10,6,5
11229,11,27,12
11229,12,7,6
11229,14,8,7
11229,16,9,8
11229,18,10,7
11229,23,12,9
11229,27,13,11
11229,30,14,4
11229,31,15,10
11229,41,28,4
11229,43,29,5
11229,44,16,8
11229,55,17,9
11229,63,18,6
11229,77,30,12
11229,81,19,2
11229,87,20,10
11230,1,2,2
11230,3,1,1
11230,5,3,11
11230,6,4,1
11230,10,6,5
11230,11,27,12
11230,12,7,6
11230,14,8,7
11230,16,9,8
11230,18,10,7
11230,23,12,9
11230,27,13,11
11230,30,14,4
11230,31,15,10
11230,41,28,4
11230,43,29,5
11230,44,16,8
11230,55,17,9
11230,63,18,6
11230,77,30,12
11230,81,19,2
11230,87,20,10
11234,1,2,2
11234,3,1,1
11234,5,3,11
11234,6,4,1
11234,10,6,5
11234,11,27,12
11234,12,7,6
11234,14,8,7
11234,16,9,8
11234,18,10,7
11234,23,12,9
11234,27,13,11
11234,30,14,4
11234,31,15,10
11234,41,28,4
11234,43,29,5
11234,44,16,8
11234,55,17,9
11234,63,18,6
11234,77,30,12
11234,81,19,2
11234,87,20,10
11235,1,2,2
11235,3,1,1
11235,5,3,11
11235,6,4,1
11235,10,6,5
11235,11,27,12
11235,12,7,6
11235,14,8,7
11235,16,9,8
11235,18,10,7
11235,23,12,9
11235,27,13,11
11235,30,14,4
11235,31,15,10
11235,41,28,4
11235,43,29,5
11235,44,16,8
11235,55,17,9
11235,63,18,6
11235,77,30,12
11235,81,19,2
11235,87,20,10
11236,1,2,2
11236,3,1,1
11236,5,3,11
11236,6,4,1
11236,10,6,5
11236,11,27,12
11236,12,7,6
11236,14,8,7
11236,16,9,8
11236,18,10,7
11236,23,12,9
11236,27,13,11
11236,30,14,4
11236,31,15,10
11236,41,28,4
11236,43,29,5
11236,44,16,8
11236,55,17,9
11236,63,18,6
11236,77,30,12
11236,81,19,2
11236,87,20,10
11240,1,2,2
11240,3,1,1
11240,5,3,11
11240,6,4,1
11240,10,6,5
11240,11,27,12
11240,12,7,6
11240,14,8,7
11240,16,9,8
11240,18,10,7
11240,23,12,9
11240,27,13,11
11240,30,14,4
11240,31,15,10
11240,41,28,4
11240,43,29,5
11240,44,16,8
11240,55,17,9
11240,63,18,6
11240,77,30,12
11240,81,19,2
11240,87,20,10
11241,1,2,2
11241,3,1,1
11241,5,3,11
11241,6,4,1
11241,10,6,5
11241,11,27,12
11241,12,7,6
11241,14,8,7
11241,16,9,8
11241,18,10,7
11241,23,12,9
11241,27,13,11
11241,30,14,4
11241,31,15,10
11241,41,28,4
11241,43,29,5
11241,44,16,8
11241,55,17,9
11241,63,18,6
11241,77,30,12
11241,81,19,2
11241,87,20,10
11245,1,2,2
11245,3,1,1
11245,5,3,11
11245,6,4,1
11245,10,6,5
11245,11,27,12
11245,12,7,6
11245,14,8,7
11245,16,9,8
11245,18,10,7
11245,23,12,9
11245,27,13,11
11245,30,14,4
11245,31,15,10
11245,41,28,4
11245,43,29,5
11245,44,16,8
11245,55,17,9
11245,63,18,6
11245,77,30,12
11245,81,19,2
11245,87,20,10
11246,1,2,2
11246,3,1,1
11246,5,3,11
11246,6,4,1
11246,10,6,5
11246,11,27,12
11246,12,7,6
11246,16,9,8
11246,18,10,7
11246,23,12,9
11246,27,13,11
11246,30,14,4
11246,31,15,10
11246,34,31,7
11246,41,28,4
11246,43,29,5
11246,44,16,8
11246,55,17,9
11246,63,18,6
11246,77,30,12
11246,81,19,2
11246,87,20,10
11247,1,2,2
11247,3,1,1
11247,5,3,11
11247,6,4,1
11247,10,6,5
11247,11,27,12
11247,12,7,6
11247,14,8,7
11247,16,9,8
11247,18,10,7
11247,23,12,9
11247,27,13,11
11247,30,14,4
11247,31,15,10
11247,41,28,4
11247,43,29,5
11247,44,16,8
11247,55,17,9
11247,63,18,6
11247,77,30,12
11247,81,19,2
11247,87,20,10
11248,1,2,2
11248,3,1,1
11248,5,3,11
11248,6,4,1
11248,10,6,5
11248,11,27,12
11248,12,7,6
11248,14,8,7
11248,16,9,8
11248,18,10,7
11248,23,12,9
11248,27,13,11
11248,30,14,4
11248,31,15,10
11248,41,28,4
11248,43,29,5
11248,44,16,8
11248,55,17,9
11248,63,18,6
11248,77,30,12
11248,81,19,2
11248,87,20,10
11249,1,2,2
11249,3,1,1
11249,5,3,11
11249,6,4,1
11249,10,6,5
11249,11,27,12
11249,12,7,6
11249,14,8,7
11249,16,9,8
11249,18,10,7
11249,23,12,9
11249,27,13,11
11249,30,14,4
11249,31,15,10
11249,41,28,4
11249,43,29,5
11249,44,16,8
11249,55,17,9
11249,63,18,6
11249,77,30,12
11249,81,19,2
11249,87,20,10
11253,1,2,2
11253,3,1,1
11253,5,3,11
11253,6,4,1
11253,10,6,5
11253,11,27,12
11253,12,7,6
11253,14,8,7
11253,16,9,8
11253,18,10,7
11253,23,12,9
11253,27,13,11
11253,30,14,4
11253,31,15,10
11253,41,28,4
11253,43,29,5
11253,44,16,8
11253,55,17,9
11253,63,18,6
11253,77,30,12
11253,81,19,2
11253,87,20,10
11270,1,2,2
11270,3,1,1
11270,5,3,11
11270,6,4,1
11270,10,6,5
11270,11,27,12
11270,12,7,6
11270,14,8,7
11270,16,9,8
11270,18,10,7
11270,23,12,9
11270,27,13,11
11270,30,14,4
11270,31,15,10
11270,41,28,4
11270,43,29,5
11270,44,16,8
11270,55,17,9
11270,63,18,6
11270,77,30,12
11270,81,19,2
11270,87,20,10
11271,1,2,2
11271,3,1,1
11271,5,3,11
11271,6,4,1
11271,10,6,5
11271,11,27,12
11271,12,7,6
11271,14,8,7
11271,16,9,8
11271,18,10,7
11271,23,12,9
11271,27,13,11
11271,30,14,4
11271,31,15,10
11271,41,28,4
11271,43,29,5
11271,44,16,8
11271,55,17,9
11271,63,18,6
11271,77,30,12
11271,81,19,2
11271,87,20,10
11275,1,2,2
11275,3,1,1
11275,5,3,11
11275,6,4,1
11275,10,6,5
11275,11,27,12
11275,12,7,6
11275,14,8,7
11275,16,9,8
11275,18,10,7
11275,23,12,9
11275,27,13,11
11275,30,14,4
11275,31,15,10
11275,41,28,4
11275,43,29,5
11275,44,16,8
11275,55,17,9
11275,63,18,6
11275,77,30,12
11275,81,19,2
11275,87,20,10
11276,1,2,2
11276,3,1,1
11276,5,3,11
11276,6,4,1
11276,10,6,5
11276,11,27,12
11276,12,7,6
11276,14,8,7
11276,16,9,8
11276,18,10,7
11276,23,12,9
11276,27,13,11
11276,30,14,4
11276,31,15,10
11276,41,28,4
11276,43,29,5
11276,44,16,8
11276,55,17,9
11276,63,18,6
11276,77,30,12
11276,81,19,2
11276,87,20,10
11280,1,2,2
11280,3,1,1
11280,5,3,11
11280,6,4,1
11280,10,6,5
11280,11,27,12
11280,12,7,6
11280,14,8,7
11280,16,9,8
11280,18,10,7
11280,23,12,9
11280,27,13,11
11280,30,14,4
11280,31,15,10
11280,41,28,4
11280,43,29,5
11280,44,16,8
11280,55,17,9
11280,63,18,6
11280,77,30,12
11280,81,19,2
11280,87,20,10
11281,1,2,2
11281,3,1,1
11281,5,3,11
11281,6,4,1
11281,10,6,5
11281,11,27,12
11281,12,7,6
11281,14,8,7
11281,16,9,8
11281,18,10,7
11281,23,12,9
11281,27,13,11
11281,30,14,4
11281,31,15,10
11281,41,28,4
11281,43,29,5
11281,44,16,8
11281,55,17,9
11281,63,18,6
11281,77,30,12
11281,81,19,2
11281,87,20,10
11282,1,2,2
11282,3,1,1
11282,5,3,11
11282,6,4,1
11282,10,6,5
11282,11,27,12
11282,12,7,6
11282,14,8,7
11282,16,9,8
11282,18,10,7
11282,23,12,9
11282,27,13,11
11282,30,14,4
11282,31,15,10
11282,41,28,4
11282,43,29,5
11282,44,16,8
11282,55,17,9
11282,63,18,6
11282,77,30,12
11282,81,19,2
11282,87,20,10
11286,1,2,2
11286,3,1,1
11286,5,3,11
11286,6,4,1
11286,10,6,5
11286,11,27,12
11286,12,7,6
11286,14,8,7
11286,16,9,8
11286,18,10,7
11286,23,12,9
11286,27,13,11
11286,30,14,4
11286,31,15,10
11286,41,28,4
11286,43,29,5
11286,44,16,8
11286,55,17,9
11286,63,18,6
11286,77,30,12
11286,81,19,2
11286,87,20,10
11287,1,2,2
11287,3,1,1
11287,5,3,11
11287,6,4,1
11287,10,6,5
11287,11,27,12
11287,12,7,6
11287,14,8,7
11287,16,9,8
11287,18,10,7
11287,23,12,9
11287,27,13,11
11287,30,14,4
11287,31,15,10
11287,41,28,4
11287,43,29,5
11287,44,16,8
11287,55,17,9
11287,63,18,6
11287,77,30,12
11287,81,19,2
11287,87,20,10
11291,1,2,2
11291,3,1,1
11291,5,3,11
11291,6,4,1
11291,10,6,5
11291,11,27,12
11291,12,7,6
11291,14,8,7
11291,16,9,8
11291,18,10,7
11291,23,12,9
11291,27,13,11
11291,30,14,4
11291,31,15,10
11291,41,28,4
11291,43,29,5
11291,44,16,8
11291,55,17,9
11291,63,18,6
11291,77,30,12
11291,81,19,2
11291,87,20,10
11292,1,2,2
11292,3,1,1
11292,5,3,11
11292,6,4,1
11292,10,6,5
11292,11,27,12
11292,12,7,6
11292,14,8,7
11292,16,9,8
11292,18,10,7
11292,23,12,9
11292,27,13,11
11292,30,14,4
11292,31,15,10
11292,41,28,4
11292,43,29,5
11292,44,16,8
11292,55,17,9
11292,63,18,6
11292,77,30,12
11292,81,19,2
11292,87,20,10
11293,1,2,2
11293,3,1,1
11293,5,3,11
11293,6,4,1
11293,10,6,5
11293,11,27,12
11293,12,7,6
11293,14,8,7
11293,16,9,8
11293,18,10,7
11293,23,12,9
11293,27,13,11
11293,30,14,4
11293,31,15,10
11293,41,28,4
11293,43,29,5
11293,44,16,8
11293,55,17,9
11293,63,18,6
11293,77,30,12
11293,81,19,2
11293,87,20,10
11294,1,2,2
11294,3,1,1
11294,5,3,11
11294,6,4,1
11294,10,6,5
11294,11,27,12
11294,12,7,6
11294,14,8,7
11294,16,9,8
11294,18,10,7
11294,23,12,9
11294,27,13,11
11294,30,14,4
11294,31,15,10
11294,41,28,4
11294,43,29,5
11294,44,16,8
11294,55,17,9
11294,63,18,6
11294,77,30,12
11294,81,19,2
11294,87,20,10
11295,1,2,2
11295,3,1,1
11295,5,3,11
11295,6,4,1
11295,10,6,5
11295,11,27,12
11295,12,7,6
11295,14,8,7
11295,16,9,8
11295,18,10,7
11295,23,12,9
11295,27,13,11
11295,30,14,4
11295,31,15,10
11295,41,28,4
11295,43,29,5
11295,44,16,8
11295,55,17,9
11295,63,18,6
11295,77,30,12
11295,81,19,2
11295,87,20,10
11299,1,2,2
11299,3,1,1
11299,5,3,11
11299,6,4,1
11299,10,6,5
11299,11,27,12
11299,12,7,6
11299,14,8,7
11299,16,9,8
11299,18,10,7
11299,23,12,9
11299,27,13,11
11299,30,14,4
11299,31,15,10
11299,41,28,4
11299,43,29,5
11299,44,16,8
11299,55,17,9
11299,63,18,6
11299,77,30,12
11299,81,19,2
11299,87,20,10
11300,3,1,1
11300,5,3,11
11300,10,6,5
11300,14,8,7
11300,16,9,8
11300,18,10,7
11300,25,33,12
11300,30,14,4
11300,31,15,10
11300,36,22,1
11300,38,23,8
11300,41,28,4
11300,43,29,5
11300,55,17,9
11300,63,18,6
11300,67,34,2
11300,72,26,6
11300,77,30,12
11300,81,19,2
11300,87,20,10
11300,97,32,11
11301,1,2,2
11301,3,1,1
11301,5,3,11
11301,6,4,1
11301,10,6,5
11301,11,27,12
11301,12,7,6
11301,14,8,7
11301,16,9,8
11301,18,10,7
11301,23,12,9
11301,27,13,11
11301,30,14,4
11301,31,15,10
11301,41,28,4
11301,43,29,5
11301,44,16,8
11301,55,17,9
11301,63,18,6
11301,77,30,12
11301,81,19,2
11301,87,20,10
11302,1,2,2
11302,3,1,1
11302,5,3,11
11302,6,4,1
11302,10,6,5
11302,11,27,12
11302,12,7,6
11302,14,8,7
11302,16,9,8
11302,18,10,7
11302,23,12,9
11302,27,13,11
11302,30,14,4
11302,31,15,10
11302,41,28,4
11302,43,29,5
11302,44,16,8
11302,55,17,9
11302,63,18,6
11302,77,30,12
11302,81,19,2
11302,87,20,10
11303,1,2,2
11303,3,1,1
11303,5,3,11
11303,6,4,1
11303,10,6,5
11303,11,27,12
11303,12,7,6
11303,14,8,7
11303,16,9,8
11303,18,10,7
11303,23,12,9
11303,27,13,11
11303,30,14,4
11303,31,15,10
11303,41,28,4
11303,43,29,5
11303,44,16,8
11303,55,17,9
11303,63,18,6
11303,77,30,12
11303,81,19,2
11303,87,20,10
11307,1,2,2
11307,3,1,1
11307,5,3,11
11307,6,4,1
11307,10,6,5
11307,11,27,12
11307,12,7,6
11307,14,8,7
11307,16,9,8
11307,18,10,7
11307,23,12,9
11307,27,13,11
11307,30,14,4
11307,31,15,10
11307,41,28,4
11307,43,29,5
11307,44,16,8
11307,55,17,9
11307,63,18,6
11307,77,30,12
11307,81,19,2
11307,87,20,10
11308,1,2,2
11308,3,1,1
11308,6,4,1
11308,10,6,5
11308,11,27,12
11308,12,7,6
11308,14,8,7
11308,23,12,9
11308,27,13,11
11308,34,31,7
11308,38,23,8
11308,41,28,4
11308,43,29,5
11308,44,16,8
11308,46,24,9
11308,50,25,10
11308,63,18,6
11308,77,30,12
11308,81,19,2
11308,87,20,10
11308,90,22,4
11308,97,32,11
11309,1,2,2
11309,3,1,1
11309,5,3,11
11309,6,4,1
11309,10,6,5
11309,11,27,12
11309,12,7,6
11309,14,8,7
11309,16,9,8
11309,18,10,7
11309,23,12,9
11309,27,13,11
11309,30,14,4
11309,31,15,10
11309,41,28,4
11309,43,29,5
11309,44,16,8
11309,55,17,9
11309,63,18,6
11309,77,30,12
11309,81,19,2
11309,87,20,10
11310,1,2,2
11310,3,1,1
11310,5,3,11
11310,6,4,1
11310,10,6,5
11310,11,27,12
11310,12,7,6
11310,14,8,7
11310,16,9,8
11310,18,10,7
11310,23,12,9
11310,27,13,11
11310,30,14,4
11310,31,15,10
11310,41,28,4
11310,43,29,5
11310,44,16,8
11310,55,17,9
11310,63,18,6
11310,77,30,12
11310,81,19,2
11310,87,20,10
11311,1,2,2
11311,3,1,1
11311,5,3,11
11311,6,4,1
11311,10,6,5
11311,11,27,12
11311,12,7,6
11311,14,8,7
11311,16,9,8
11311,18,10,7
11311,23,12,9
11311,27,13,11
11311,30,14,4
11311,31,15,10
11311,41,28,4
11311,43,29,5
11311,44,16,8
11311,55,17,9
11311,63,18,6
11311,77,30,12
11311,81,19,2
11311,87,20,10
11315,1,2,2
11315,3,1,1
11315,5,3,11
11315,6,4,1
11315,10,6,5
11315,11,27,12
11315,12,7,6
11315,14,8,7
11315,16,9,8
11315,18,10,7
11315,23,12,9
11315,27,13,11
11315,30,14,4
11315,31,15,10
11315,41,28,4
11315,43,29,5
11315,44,16,8
11315,55,17,9
11315,63,18,6
11315,77,30,12
11315,81,19,2
11315,87,20,10
11316,1,2,2
11316,3,1,1
11316,5,3,11
11316,6,4,1
11316,10,6,5
11316,11,27,12
11316,12,7,6
11316,14,8,7
11316,16,9,8
11316,18,10,7
11316,23,12,9
11316,27,13,11
11316,30,14,4
11316,31,15,10
11316,41,28,4
11316,43,29,5
11316,44,16,8
11316,55,17,9
11316,63,18,6
11316,77,30,12
11316,81,19,2
11316,87,20,10
11317,1,2,2
11317,3,1,1
11317,5,3,11
11317,6,4,1
11317,10,6,5
11317,11,27,12
11317,12,7,6
11317,14,8,7
11317,16,9,8
11317,18,10,7
11317,23,12,9
11317,27,13,11
11317,30,14,4
11317,31,15,10
11317,41,28,4
11317,43,29,5
11317,44,16,8
11317,55,17,9
11317,63,18,6
11317,77,30,12
11317,81,19,2
11317,87,20,10
11321,1,2,2
11321,3,1,1
11321,5,3,11
11321,6,4,1
11321,10,6,5
11321,11,27,12
11321,12,7,6
11321,14,8,7
11321,16,9,8
11321,18,10,7
11321,23,12,9
11321,27,13,11
11321,30,14,4
11321,31,15,10
11321,41,28,4
11321,43,29,5
11321,44,16,8
11321,55,17,9
11321,63,18,6
11321,77,30,12
11321,81,19,2
11321,87,20,10
11322,1,2,2
11322,3,1,1
11322,5,3,11
11322,6,4,1
11322,10,6,5
11322,11,27,12
11322,12,7,6
11322,14,8,7
11322,16,9,8
11322,18,10,7
11322,23,12,9
11322,27,13,11
11322,30,14,4
11322,31,15,10
11322,41,28,4
11322,43,29,5
11322,44,16,8
11322,55,17,9
11322,63,18,6
11322,77,30,12
11322,81,19,2
11322,87,20,10
11326,1,2,2
11326,3,1,1
11326,5,3,11
11326,6,4,1
11326,10,6,5
11326,11,27,12
11326,12,7,6
11326,14,8,7
11326,16,9,8
11326,18,10,7
11326,23,12,9
11326,27,13,11
11326,30,14,4
11326,31,15,10
11326,41,28,4
11326,43,29,5
11326,44,16,8
11326,55,17,9
11326,63,18,6
11326,77,30,12
11326,81,19,2
11326,87,20,10
11327,1,2,2
11327,3,1,1
11327,5,3,11
11327,6,4,1
11327,10,6,5
11327,11,27,12
11327,12,7,6
11327,16,9,8
11327,18,10,7
11327,23,12,9
11327,27,13,11
11327,30,14,4
11327,31,15,10
11327,34,31,7
11327,41,28,4
11327,43,29,5
11327,44,16,8
11327,55,17,9
11327,63,18,6
11327,77,30,12
11327,81,19,2
11327,87,20,10
11328,1,2,2
11328,3,1,1
11328,5,3,11
11328,6,4,1
11328,10,6,5
11328,11,27,12
11328,12,7,6
11328,14,8,7
11328,16,9,8
11328,18,10,7
11328,23,12,9
11328,27,13,11
11328,30,14,4
11328,31,15,10
11328,41,28,4
11328,43,29,5
11328,44,16,8
11328,55,17,9
11328,63,18,6
11328,77,30,12
11328,81,19,2
11328,87,20,10
11329,1,2,2
11329,3,1,1
11329,5,3,11
11329,6,4,1
11329,10,6,5
11329,11,27,12
11329,12,7,6
11329,14,8,7
11329,16,9,8
11329,18,10,7
11329,23,12,9
11329,27,13,11
11329,30,14,4
11329,31,15,10
11329,41,28,4
11329,43,29,5
11329,44,16,8
11329,55,17,9
11329,63,18,6
11329,77,30,12
11329,81,19,2
11329,87,20,10
11330,1,2,2
11330,3,1,1
11330,5,3,11
11330,6,4,1
11330,10,6,5
11330,11,27,12
11330,12,7,6
11330,14,8,7
11330,16,9,8
11330,18,10,7
11330,23,12,9
11330,27,13,11
11330,30,14,4
11330,31,15,10
11330,41,28,4
11330,43,29,5
11330,44,16,8
11330,55,17,9
11330,63,18,6
11330,77,30,12
11330,81,19,2
11330,87,20,10
11334,1,2,2
11334,3,1,1
11334,5,3,11
11334,6,4,1
11334,10,6,5
11334,11,27,12
11334,12,7,6
11334,14,8,7
11334,16,9,8
11334,18,10,7
11334,23,12,9
11334,27,13,11
11334,30,14,4
11334,31,15,10
11334,41,28,4
11334,43,29,5
11334,44,16,8
11334,55,17,9
11334,63,18,6
11334,77,30,12
11334,81,19,2
11334,87,20,10
11335,1,2,2
11335,3,1,1
11335,5,3,11
11335,6,4,1
11335,10,6,5
11335,11,27,12
11335,14,8,7
11335,16,9,8
11335,18,10,7
11335,23,12,9
11335,25,33,12
11335,27,13,11
11335,30,14,4
11335,31,15,10
11335,41,28,4
11335,44,16,8
11335,50,25,10
11335,55,17,9
11335,61,32,5
11335,63,18,6
11335,67,34,2
11335,72,26,6
11336,1,2,2
11336,3,1,1
11336,5,3,11
11336,6,4,1
11336,10,6,5
11336,11,27,12
11336,12,7,6
11336,14,8,7
11336,16,9,8
11336,18,10,7
11336,23,12,9
11336,27,13,11
11336,30,14,4
11336,31,15,10
11336,41,28,4
11336,43,29,5
11336,44,16,8
11336,55,17,9
11336,63,18,6
11336,77,30,12
11336,81,19,2
11336,87,20,10
11337,1,2,2
11337,3,1,1
11337,5,3,11
11337,6,4,1
11337,10,6,5
11337,11,27,12
11337,12,7,6
11337,14,8,7
11337,16,9,8
11337,18,10,7
11337,23,12,9
11337,27,13,11
11337,30,14,4
11337,31,15,10
11337,41,28,4
11337,43,29,5
11337,44,16,8
11337,55,17,9
11337,63,18,6
11337,77,30,12
11337,81,19,2
11337,87,20,10
11338,1,2,2
11338,3,1,1
11338,5,3,11
11338,6,4,1
11338,10,6,5
11338,11,27,12
11338,12,7,6
11338,14,8,7
11338,16,9,8
11338,18,10,7
11338,23,12,9
11338,27,13,11
11338,30,14,4
11338,31,15,10
11338,41,28,4
11338,43,29,5
11338,44,16,8
11338,55,17,9
11338,63,18,6
11338,77,30,12
11338,81,19,2
11338,87,20,10
11342,1,2,2
11342,3,1,1
11342,5,3,11
11342,6,4,1
11342,10,6,5
11342,11,27,12
11342,12,7,6
11342,14,8,7
11342,16,9,8
11342,18,10,7
11342,23,12,9
11342,27,13,11
11342,30,14,4
11342,31,15,10
11342,41,28,4
11342,43,29,5
11342,44,16,8
11342,55,17,9
11342,63,18,6
11342,77,30,12
11342,81,19,2
11342,87,20,10
11465,1,2,2
11465,3,1,1
11465,5,3,11
11465,6,4,1
11465,10,6,5
11465,11,27,12
11465,12,7,6
11465,14,8,7
11465,16,9,8
11465,18,10,7
11465,23,12,9
11465,27,13,11
11465,30,14,4
11465,31,15,10
11465,41,28,4
11465,43,29,5
11465,44,16,8
11465,55,17,9
11465,63,18,6
11465,77,30,12
11465,81,19,2
11465,87,20,10
11466,1,2,2
11466,3,1,1
11466,5,3,11
11466,6,4,1
11466,10,6,5
11466,11,27,12
11466,12,7,6
11466,14,8,7
11466,16,9,8
11466,18,10,7
11466,23,12,9
11466,27,13,11
11466,30,14,4
11466,31,15,10
11466,41,28,4
11466,43,29,5
11466,44,16,8
11466,55,17,9
11466,63,18,6
11466,77,30,12
11466,81,19,2
11466,87,20,10
11467,1,2,2
11467,3,1,1
11467,5,3,11
11467,6,4,1
11467,10,6,5
11467,11,27,12
11467,12,7,6
11467,14,8,7
11467,16,9,8
11467,18,10,7
11467,23,12,9
11467,27,13,11
11467,30,14,4
11467,31,15,10
11467,41,28,4
11467,43,29,5
11467,44,16,8
11467,55,17,9
11467,63,18,6
11467,77,30,12
11467,81,19,2
11467,87,20,10
11468,1,2,2
11468,3,1,1
11468,5,3,11
11468,6,4,1
11468,10,6,5
11468,11,27,12
11468,12,7,6
11468,14,8,7
11468,16,9,8
11468,18,10,7
11468,23,12,9
11468,27,13,11
11468,30,14,4
11468,31,15,10
11468,41,28,4
11468,43,29,5
11468,44,16,8
11468,55,17,9
11468,63,18,6
11468,77,30,12
11468,81,19,2
11468,87,20,10
11469,1,2,2
11469,3,1,1
11469,5,3,11
11469,6,4,1
11469,10,6,5
11469,11,27,12
11469,12,7,6
11469,14,8,7
11469,16,9,8
11469,18,10,7
11469,23,12,9
11469,27,13,11
11469,30,14,4
11469,31,15,10
11469,41,28,4
11469,43,29,5
11469,44,16,8
11469,55,17,9
11469,63,18,6
11469,77,30,12
11469,81,19,2
11469,87,20,10
11470,1,2,2
11470,3,1,1
11470,5,3,11
11470,6,4,1
11470,10,6,5
11470,11,27,12
11470,12,7,6
11470,14,8,7
11470,16,9,8
11470,18,10,7
11470,23,12,9
11470,27,13,11
11470,30,14,4
11470,31,15,10
11470,41,28,4
11470,43,29,5
11470,44,16,8
11470,55,17,9
11470,63,18,6
11470,77,30,12
11470,81,19,2
11470,87,20,10
