straight,min_speed,max_speed,mean_speed,mean_throttle,n_points,entry_speed,end_speed,round,meeting_name,driver,team,straight_deficit
5,180,301,281.6,90.6,125,249,180,1,Australian Grand Prix,RUS,Mercedes,0
5,174,298,278.1,87.4,125,244,174,1,Australian Grand Prix,ANT,Mercedes,3
5,171,294,274.5,91.4,125,242,171,1,Australian Grand Prix,HAD,Red Bull Racing,7
5,183,287,271.1,72.0,125,245,183,1,Australian Grand Prix,LEC,Ferrari,14
5,174,297,279.0,88.5,125,249,174,1,Australian Grand Prix,PIA,McLaren,4
5,150,289,266.5,85.2,130,241,150,1,Australian Grand Prix,NOR,McLaren,12
5,192,289,272.3,77.4,125,243,192,1,Australian Grand Prix,HAM,Ferrari,12
5,164,290,273.1,94.4,125,243,164,1,Australian Grand Prix,LIN,Racing Bulls,11
5,161,288,269.1,89.2,125,238,161,1,Australian Grand Prix,LAW,Racing Bulls,13
5,173,292,274.2,90.3,125,248,173,1,Australian Grand Prix,BOR,Audi,9
5,174,295,274.9,91.0,125,234,174,1,Australian Grand Prix,HUL,Audi,6
5,176,285,267.3,75.4,125,241,176,1,Australian Grand Prix,BEA,Haas F1 Team,16
5,182,285,269.3,76.4,125,237,182,1,Australian Grand Prix,OCO,Haas F1 Team,16
5,165,296,272.5,84.4,125,229,165,1,Australian Grand Prix,GAS,Alpine,5
5,168,289,268.3,81.9,125,237,168,1,Australian Grand Prix,ALB,Williams,12
5,165,291,271.6,87.4,125,234,165,1,Australian Grand Prix,COL,Alpine,10
5,164,288,266.3,88.1,125,232,164,1,Australian Grand Prix,ALO,Aston Martin,13
5,156,281,259.2,90.8,125,221,156,1,Australian Grand Prix,PER,Cadillac,20
5,149,279,256.5,93.7,125,220,149,1,Australian Grand Prix,BOT,Cadillac,22
3,93,332,301.3,90.2,237,267,93,2,Chinese Grand Prix,ANT,Mercedes,6
3,89,333,303.8,91.5,237,272,89,2,Chinese Grand Prix,RUS,Mercedes,5
3,84,329,298.9,92.1,237,269,84,2,Chinese Grand Prix,HAM,Ferrari,9
3,84,330,299.8,92.1,237,266,84,2,Chinese Grand Prix,LEC,Ferrari,8
3,92,330,301.5,89.3,237,267,92,2,Chinese Grand Prix,PIA,McLaren,8
3,90,328,301.1,91.5,237,267,90,2,Chinese Grand Prix,NOR,McLaren,10
3,87,335,305.5,91.6,237,268,87,2,Chinese Grand Prix,GAS,Alpine,3
3,83,334,303.1,89.7,237,265,83,2,Chinese Grand Prix,VER,Red Bull Racing,4
3,81,334,303.8,91.4,237,265,81,2,Chinese Grand Prix,HAD,Red Bull Racing,4
3,90,331,300.2,92.0,237,266,90,2,Chinese Grand Prix,BEA,Haas F1 Team,7
3,86,332,305.0,95.7,237,267,86,2,Chinese Grand Prix,HUL,Audi,6
3,85,338,306.6,88.4,237,267,85,2,Chinese Grand Prix,COL,Alpine,0
3,82,333,302.1,89.9,237,263,82,2,Chinese Grand Prix,OCO,Haas F1 Team,5
3,107,335,303.9,92.0,237,261,107,2,Chinese Grand Prix,BOR,Audi,3
3,87,335,305.6,89.5,237,265,87,2,Chinese Grand Prix,ALB,Williams,3
3,90,320,293.9,90.1,237,261,90,2,Chinese Grand Prix,ALO,Aston Martin,18
3,87,335,299.9,90.0,237,265,87,2,Chinese Grand Prix,BOT,Cadillac,3
3,87,324,296.5,91.2,237,263,87,2,Chinese Grand Prix,STR,Aston Martin,14
3,217,329,304.5,100.0,171,217,306,3,Japanese Grand Prix,RUS,Mercedes,4
3,210,324,301.0,99.0,171,210,304,3,Japanese Grand Prix,PIA,McLaren,9
3,206,323,300.0,100.0,171,206,303,3,Japanese Grand Prix,NOR,McLaren,10
3,215,319,297.6,99.2,171,215,297,3,Japanese Grand Prix,HAM,Ferrari,14
3,205,330,303.7,100.0,171,205,311,3,Japanese Grand Prix,HAD,Red Bull Racing,3
3,209,328,303.3,100.0,171,209,306,3,Japanese Grand Prix,VER,Red Bull Racing,5
3,232,333,307.6,100.1,171,279,310,3,Japanese Grand Prix,LAW,Racing Bulls,0
3,200,329,301.8,100.0,171,200,309,3,Japanese Grand Prix,PER,Cadillac,4
3,201,328,299.8,100.0,171,201,308,3,Japanese Grand Prix,ALO,Aston Martin,5
4,122,343,299.9,92.8,246,122,152,6,Miami Grand Prix,ANT,Mercedes,0
4,129,339,298.2,94.7,246,129,148,6,Miami Grand Prix,VER,Red Bull Racing,4
4,125,342,298.4,94.1,246,125,159,6,Miami Grand Prix,LEC,Ferrari,1
4,120,336,294.2,93.8,246,120,151,6,Miami Grand Prix,NOR,McLaren,7
4,124,340,298.5,92.9,246,124,158,6,Miami Grand Prix,RUS,Mercedes,3
4,123,338,296.9,95.4,246,123,165,6,Miami Grand Prix,HAM,Ferrari,5
4,131,339,296.2,92.3,246,131,159,6,Miami Grand Prix,PIA,McLaren,4
4,121,343,298.9,92.0,246,121,139,6,Miami Grand Prix,COL,Alpine,0
4,124,337,296.1,94.6,246,124,152,6,Miami Grand Prix,HAD,Red Bull Racing,6
4,119,339,297.7,93.7,246,119,156,6,Miami Grand Prix,GAS,Alpine,4
4,120,342,298.6,92.1,246,120,157,6,Miami Grand Prix,BEA,Haas F1 Team,1
4,113,342,297.1,94.2,246,113,153,6,Miami Grand Prix,HUL,Audi,1
4,120,337,294.2,93.9,246,120,140,6,Miami Grand Prix,LAW,Racing Bulls,6
4,124,341,296.2,91.8,246,124,135,6,Miami Grand Prix,SAI,Williams,2
4,116,339,295.3,91.5,246,116,157,6,Miami Grand Prix,ALB,Williams,4
4,116,339,296.5,93.4,246,116,153,6,Miami Grand Prix,OCO,Haas F1 Team,4
4,118,341,297.3,93.0,246,118,176,6,Miami Grand Prix,LIN,Racing Bulls,2
4,120,325,285.0,93.2,246,120,135,6,Miami Grand Prix,ALO,Aston Martin,18
4,111,327,286.0,93.1,246,111,152,6,Miami Grand Prix,STR,Aston Martin,16
4,115,327,286.0,92.3,246,115,146,6,Miami Grand Prix,BOT,Cadillac,16
4,65,337,273.2,82.1,279,120,88,6,Miami Grand Prix,PER,Cadillac,6
4,116,315,275.3,93.5,246,116,136,6,Miami Grand Prix,BOR,Audi,28
3,205,331,303.2,94.7,204,208,205,7,Canadian Grand Prix,RUS,Mercedes,2
3,204,331,303.6,94.0,204,206,204,7,Canadian Grand Prix,ANT,Mercedes,2
3,201,328,300.4,95.1,204,201,218,7,Canadian Grand Prix,NOR,McLaren,5
3,211,328,299.0,94.2,204,211,219,7,Canadian Grand Prix,PIA,McLaren,5
3,196,331,301.3,95.8,204,211,196,7,Canadian Grand Prix,HAM,Ferrari,2
3,210,330,301.7,94.8,204,210,211,7,Canadian Grand Prix,VER,Red Bull Racing,3
3,146,331,296.0,88.6,215,208,146,7,Canadian Grand Prix,HAD,Red Bull Racing,2
3,195,333,302.4,94.1,204,212,195,7,Canadian Grand Prix,LEC,Ferrari,0
3,189,332,301.5,92.9,204,211,189,7,Canadian Grand Prix,LIN,Racing Bulls,1
3,187,331,300.5,91.9,204,210,187,7,Canadian Grand Prix,COL,Alpine,2
3,187,327,298.3,92.2,204,211,187,7,Canadian Grand Prix,HUL,Audi,6
3,178,328,299.2,94.5,204,210,178,7,Canadian Grand Prix,LAW,Racing Bulls,5
3,195,332,302.1,91.9,204,210,195,7,Canadian Grand Prix,BOR,Audi,1
3,169,326,297.8,94.1,204,212,169,7,Canadian Grand Prix,GAS,Alpine,7
3,191,327,299.1,94.0,204,211,191,7,Canadian Grand Prix,SAI,Williams,6
3,182,328,297.2,91.9,204,206,182,7,Canadian Grand Prix,BEA,Haas F1 Team,5
3,179,326,297.4,93.9,204,208,179,7,Canadian Grand Prix,OCO,Haas F1 Team,7
3,200,326,298.0,94.3,204,208,200,7,Canadian Grand Prix,ALB,Williams,7
3,179,327,295.4,93.3,204,191,179,7,Canadian Grand Prix,ALO,Aston Martin,6
3,186,325,296.9,94.1,204,209,186,7,Canadian Grand Prix,PER,Cadillac,8
3,178,322,290.9,94.0,204,195,178,7,Canadian Grand Prix,STR,Aston Martin,11
3,169,322,292.5,92.7,204,208,169,7,Canadian Grand Prix,BOT,Cadillac,11
1,213,341,324.6,92.8,151,306,213,9,Barcelona Grand Prix,RUS,Mercedes,3
1,244,342,327.9,94.4,140,314,278,9,Barcelona Grand Prix,HAM,Ferrari,2
1,223,338,323.3,92.6,147,309,223,9,Barcelona Grand Prix,ANT,Mercedes,6
1,212,338,320.6,92.3,152,300,212,9,Barcelona Grand Prix,NOR,McLaren,6
1,207,341,326.0,94.7,147,308,207,9,Barcelona Grand Prix,VER,Red Bull Racing,3
1,238,337,323.2,95.0,151,302,238,9,Barcelona Grand Prix,HAD,Red Bull Racing,7
1,216,340,324.7,90.5,147,302,216,9,Barcelona Grand Prix,PIA,McLaren,4
1,211,339,321.8,93.5,152,304,211,9,Barcelona Grand Prix,LEC,Ferrari,5
1,209,339,323.5,92.3,146,309,209,9,Barcelona Grand Prix,LAW,Racing Bulls,5
1,202,340,324.1,92.6,150,305,202,9,Barcelona Grand Prix,HUL,Audi,4
1,228,340,325.5,92.6,150,306,228,9,Barcelona Grand Prix,LIN,Racing Bulls,4
1,214,341,324.2,93.5,151,304,214,9,Barcelona Grand Prix,BOR,Audi,3
1,202,342,324.3,87.9,149,304,290,9,Barcelona Grand Prix,COL,Alpine,2
1,226,344,327.5,93.6,150,301,226,9,Barcelona Grand Prix,GAS,Alpine,0
1,208,340,324.3,90.1,149,306,208,9,Barcelona Grand Prix,BEA,Haas F1 Team,4
1,200,336,320.5,92.5,152,305,200,9,Barcelona Grand Prix,SAI,Williams,8
1,220,342,326.5,90.6,150,306,220,9,Barcelona Grand Prix,OCO,Haas F1 Team,2
1,200,333,319.7,93.3,149,312,286,9,Barcelona Grand Prix,ALB,Williams,11
1,199,342,323.6,89.0,150,306,199,9,Barcelona Grand Prix,PER,Cadillac,2
1,211,340,323.4,91.9,150,304,211,9,Barcelona Grand Prix,BOT,Cadillac,4
1,202,331,313.6,93.5,152,298,202,9,Barcelona Grand Prix,STR,Aston Martin,13
1,189,333,312.1,85.0,160,298,189,9,Barcelona Grand Prix,ALO,Aston Martin,11
2,135,329,285.1,93.6,169,156,135,10,Austrian Grand Prix,RUS,Mercedes,2
2,149,325,282.4,93.2,169,150,149,10,Austrian Grand Prix,LEC,Ferrari,6
2,151,325,282.3,92.4,169,157,151,10,Austrian Grand Prix,HAM,Ferrari,6
2,143,330,282.3,90.2,169,143,148,10,Austrian Grand Prix,ANT,Mercedes,1
2,152,331,286.1,90.5,169,152,156,10,Austrian Grand Prix,VER,Red Bull Racing,0
2,152,326,283.3,90.9,169,152,156,10,Austrian Grand Prix,NOR,McLaren,5
2,149,324,281.4,90.9,169,149,149,10,Austrian Grand Prix,PIA,McLaren,7
2,150,326,282.2,89.5,169,150,159,10,Austrian Grand Prix,HAD,Red Bull Racing,5
2,136,328,283.8,87.8,169,159,136,10,Austrian Grand Prix,LAW,Racing Bulls,3
2,142,328,285.0,89.5,169,159,142,10,Austrian Grand Prix,LIN,Racing Bulls,3
2,139,326,281.2,89.9,169,139,147,10,Austrian Grand Prix,GAS,Alpine,5
2,139,325,281.7,89.6,169,152,139,10,Austrian Grand Prix,BOR,Audi,6
2,150,323,281.1,90.5,169,150,154,10,Austrian Grand Prix,BEA,Haas F1 Team,8
2,137,325,279.0,92.2,169,142,137,10,Austrian Grand Prix,HUL,Audi,6
2,144,322,279.2,88.5,169,144,156,10,Austrian Grand Prix,OCO,Haas F1 Team,9
2,139,330,282.6,90.5,169,145,139,10,Austrian Grand Prix,COL,Alpine,1
2,133,325,281.0,92.0,169,146,133,10,Austrian Grand Prix,SAI,Williams,6
2,143,323,277.9,89.9,169,146,143,10,Austrian Grand Prix,ALB,Williams,8
2,134,322,276.4,89.2,169,134,158,10,Austrian Grand Prix,PER,Cadillac,9
2,141,321,278.5,88.8,169,141,158,10,Austrian Grand Prix,BOT,Cadillac,10
2,139,315,272.5,90.5,169,141,139,10,Austrian Grand Prix,ALO,Aston Martin,16
2,130,311,270.9,91.9,169,151,130,10,Austrian Grand Prix,STR,Aston Martin,20
5,259,305,295.1,99.6,152,259,294,11,British Grand Prix,ANT,Mercedes,7
5,253,302,291.6,99.8,152,253,288,11,British Grand Prix,LEC,Ferrari,10
5,257,305,294.8,99.4,152,257,288,11,British Grand Prix,HAM,Ferrari,7
5,256,299,290.1,99.1,152,256,295,11,British Grand Prix,RUS,Mercedes,13
5,258,306,296.2,97.8,152,258,287,11,British Grand Prix,HAD,Red Bull Racing,6
5,254,308,296.0,95.7,152,254,290,11,British Grand Prix,NOR,McLaren,4
5,254,302,292.0,98.6,152,254,294,11,British Grand Prix,VER,Red Bull Racing,10
5,252,312,298.5,97.1,152,252,295,11,British Grand Prix,PIA,McLaren,0
5,256,306,296.1,96.9,152,256,279,11,British Grand Prix,LAW,Racing Bulls,6
5,256,309,297.9,98.9,152,256,298,11,British Grand Prix,LIN,Racing Bulls,3
5,256,303,292.2,99.9,152,256,282,11,British Grand Prix,BOR,Audi,9
5,254,300,290.4,99.7,152,254,279,11,British Grand Prix,HUL,Audi,12
5,247,296,285.2,97.3,152,247,279,11,British Grand Prix,GAS,Alpine,16
5,251,302,290.6,99.1,152,251,281,11,British Grand Prix,BEA,Haas F1 Team,10
5,254,302,291.4,94.4,152,254,267,11,British Grand Prix,SAI,Williams,10
5,251,295,286.3,97.7,152,251,275,11,British Grand Prix,ALB,Williams,17
5,249,302,290.5,98.1,152,249,287,11,British Grand Prix,OCO,Haas F1 Team,10
5,252,310,296.1,96.2,152,252,282,11,British Grand Prix,BOT,Cadillac,2
5,242,301,288.1,98.0,152,242,276,11,British Grand Prix,COL,Alpine,11
5,249,306,292.7,99.1,152,249,283,11,British Grand Prix,PER,Cadillac,6
5,242,301,286.8,98.5,152,242,273,11,British Grand Prix,STR,Aston Martin,11
5,246,297,285.4,97.0,152,246,273,11,British Grand Prix,ALO,Aston Martin,15
3,233,328,316.1,97.3,211,306,233,12,Belgian Grand Prix,ANT,Mercedes,2
3,225,328,313.6,97.3,211,294,225,12,Belgian Grand Prix,VER,Red Bull Racing,2
3,235,325,312.1,96.0,211,305,235,12,Belgian Grand Prix,NOR,McLaren,5
3,234,327,315.4,97.4,211,306,234,12,Belgian Grand Prix,RUS,Mercedes,3
3,241,327,313.8,96.1,211,304,241,12,Belgian Grand Prix,LEC,Ferrari,3
3,229,330,318.0,96.4,211,304,229,12,Belgian Grand Prix,HAM,Ferrari,0
3,218,325,311.6,95.6,211,306,218,12,Belgian Grand Prix,PIA,McLaren,5
3,226,327,315.0,96.3,211,310,226,12,Belgian Grand Prix,LIN,Racing Bulls,3
3,228,325,312.1,96.4,211,305,228,12,Belgian Grand Prix,BOR,Audi,5
3,221,327,311.8,94.7,211,292,221,12,Belgian Grand Prix,HAD,Red Bull Racing,3
3,204,322,309.2,94.8,211,309,204,12,Belgian Grand Prix,LAW,Racing Bulls,8
3,226,325,313.7,95.4,211,300,226,12,Belgian Grand Prix,GAS,Alpine,5
3,225,325,314.3,93.2,211,300,225,12,Belgian Grand Prix,COL,Alpine,5
3,212,322,309.8,96.6,211,304,212,12,Belgian Grand Prix,HUL,Audi,8
3,211,325,314.1,95.0,211,303,211,12,Belgian Grand Prix,SAI,Williams,5
3,210,324,311.1,96.4,211,300,210,12,Belgian Grand Prix,BEA,Haas F1 Team,6
3,231,325,314.0,96.5,211,300,231,12,Belgian Grand Prix,ALB,Williams,5
3,230,321,307.7,94.9,211,300,230,12,Belgian Grand Prix,OCO,Haas F1 Team,9
3,230,325,313.1,96.8,211,303,230,12,Belgian Grand Prix,BOT,Cadillac,5
3,227,322,310.7,94.8,211,299,227,12,Belgian Grand Prix,PER,Cadillac,8
3,225,319,306.7,95.8,211,296,225,12,Belgian Grand Prix,ALO,Aston Martin,11
3,213,314,301.7,97.8,211,293,213,12,Belgian Grand Prix,STR,Aston Martin,16
1,182,331,308.5,85.7,111,284,182,13,Hungarian Grand Prix,NOR,McLaren,12
1,177,333,311.2,89.5,104,291,177,13,Hungarian Grand Prix,HAM,Ferrari,10
1,194,332,307.8,87.5,112,285,194,13,Hungarian Grand Prix,LEC,Ferrari,11
1,188,332,309.1,85.9,110,289,278,13,Hungarian Grand Prix,ANT,Mercedes,11
1,173,330,306.7,84.3,109,286,173,13,Hungarian Grand Prix,PIA,McLaren,13
1,164,327,304.6,89.0,109,290,164,13,Hungarian Grand Prix,VER,Red Bull Racing,16
1,187,333,310.7,87.6,110,288,187,13,Hungarian Grand Prix,RUS,Mercedes,10
1,161,332,306.8,86.8,111,286,161,13,Hungarian Grand Prix,HAD,Red Bull Racing,11
1,177,328,306.3,87.5,111,287,177,13,Hungarian Grand Prix,LIN,Racing Bulls,15
1,185,333,308.5,80.0,109,289,269,13,Hungarian Grand Prix,HUL,Audi,10
1,168,330,305.1,87.6,110,284,168,13,Hungarian Grand Prix,LAW,Racing Bulls,13
1,161,343,311.8,81.5,108,288,161,13,Hungarian Grand Prix,GAS,Alpine,0
1,160,342,311.4,80.9,110,289,160,13,Hungarian Grand Prix,COL,Alpine,1
1,180,338,313.9,86.6,109,286,180,13,Hungarian Grand Prix,BOR,Audi,5
1,165,335,307.1,82.2,110,283,165,13,Hungarian Grand Prix,OCO,Haas F1 Team,8
1,168,323,300.5,88.5,113,280,261,13,Hungarian Grand Prix,ALO,Aston Martin,20
1,171,338,308.0,83.2,112,284,272,13,Hungarian Grand Prix,BEA,Haas F1 Team,5
1,171,337,308.0,82.4,109,282,171,13,Hungarian Grand Prix,SAI,Williams,6
1,163,339,310.3,84.3,109,285,163,13,Hungarian Grand Prix,ALB,Williams,4
1,166,322,300.3,89.2,107,282,166,13,Hungarian Grand Prix,STR,Aston Martin,21
1,177,337,309.4,82.9,109,287,177,13,Hungarian Grand Prix,BOT,Cadillac,6
1,169,338,309.3,81.7,111,287,270,13,Hungarian Grand Prix,PER,Cadillac,5
